track_id,styles,category_styles
1,Animation|Children's|Comedy,Animation|Children's|Comedy
2,Adventure|Children's|Fantasy,Adventure|Children's|Fantasy
3,Comedy|Romance,Comedy|Romance
4,Comedy|Drama,Comedy|Drama
5,Comedy,Comedy
6,Action|Crime|Thriller,Action|Crime|Thriller
7,Comedy|Romance,Comedy|Romance
8,Adventure|Children's,Adventure|Children's
9,Action,Action
10,Action|Adventure|Thriller,Action|Adventure|Thriller
11,Comedy|Drama|Romance,Comedy|Drama|Romance
12,Comedy|Horror,Comedy|Horror
13,Animation|Children's,Animation|Children's
14,Drama,Drama
15,Action|Adventure|Romance,Action|Adventure|Romance
16,Drama|Thriller,Drama|Thriller
17,Drama|Romance,Drama|Romance
18,Thriller,Thriller
19,Comedy,Comedy
20,Action,Action
21,Action|Comedy|Drama,Action|Comedy|Drama
22,Crime|Drama|Thriller,Crime|Drama|Thriller
23,Thriller,Thriller
24,Drama|Sci-Fi,Drama|Sci-Fi
25,Drama|Romance,Drama|Romance
26,Drama,Drama
27,Drama,Drama
28,Romance,Romance
29,Adventure|Sci-Fi,Adventure|Sci-Fi
30,Drama,Drama
31,Drama,Drama
32,Drama|Sci-Fi,Drama|Sci-Fi
33,Adventure|Romance,Adventure|Romance
34,Children's|Comedy|Drama,Children's|Comedy|Drama
35,Drama|Romance,Drama|Romance
36,Drama,Drama
37,Documentary,Documentary
38,Comedy,Comedy
39,Comedy|Romance,Comedy|Romance
40,Drama,Drama
41,Drama|War,Drama|War
42,Action|Crime|Drama,Action|Crime|Drama
43,Drama,Drama
44,Action|Adventure,Action|Adventure
45,Comedy|Drama,Comedy|Drama
46,Drama|Romance,Drama|Romance
47,Crime|Thriller,Crime|Thriller
48,Animation|Children's|Musical|Romance,Animation|Children's|Musical|Romance
49,Drama|Romance,Drama|Romance
50,Crime|Thriller,Crime|Thriller
51,Action|Drama|Thriller,Action|Drama|Thriller
52,Comedy,Comedy
53,Drama,Drama
54,Children's|Comedy,Children's|Comedy
55,Drama,Drama
56,Adventure|Children's|Fantasy,Adventure|Children's|Fantasy
57,Drama,Drama
58,Drama|Romance,Drama|Romance
59,Drama|Mystery,Drama|Mystery
60,Adventure|Children's|Fantasy,Adventure|Children's|Fantasy
61,Drama|Thriller,Drama|Thriller
62,Drama,Drama
63,Comedy,Comedy
64,Comedy|Romance,Comedy|Romance
65,Comedy,Comedy
66,Sci-Fi|Thriller,Sci-Fi|Thriller
67,Drama,Drama
68,Comedy|Romance,Comedy|Romance
69,Comedy,Comedy
70,Action|Comedy|Crime|Horror|Thriller,Action|Comedy|Crime|Horror|Thriller
71,Action,Action
72,Comedy|Drama,Comedy|Drama
73,Drama|Musical,Drama|Musical
74,Drama|Romance,Drama|Romance
75,Comedy|Drama,Comedy|Drama
76,Sci-Fi|Thriller,Sci-Fi|Thriller
77,Documentary,Documentary
78,Drama,Drama
79,Drama|Thriller,Drama|Thriller
80,Drama,Drama
81,Crime|Drama|Romance,Crime|Drama|Romance
82,Drama,Drama
83,Drama,Drama
84,Comedy|Drama,Comedy|Drama
85,Drama|Romance,Drama|Romance
86,Adventure|Drama,Adventure|Drama
87,Children's|Comedy,Children's|Comedy
88,Comedy,Comedy
89,Action|Thriller,Action|Thriller
90,Drama,Drama
92,Drama|Thriller,Drama|Thriller
93,Comedy|Romance,Comedy|Romance
94,Drama,Drama
95,Action|Thriller,Action|Thriller
96,Comedy,Comedy
97,Drama,Drama
98,Action|Thriller,Action|Thriller
99,Documentary,Documentary
100,Drama|Thriller,Drama|Thriller
101,Comedy,Comedy
102,Comedy,Comedy
103,Thriller,Thriller
104,Comedy,Comedy
105,Drama|Romance,Drama|Romance
106,Comedy|Drama,Comedy|Drama
107,Adventure|Children's|Comedy|Musical,Adventure|Children's|Comedy|Musical
108,Documentary,Documentary
109,Comedy,Comedy
110,Action|Drama|War,Action|Drama|War
111,Drama|Thriller,Drama|Thriller
112,Action|Adventure|Crime,Action|Adventure|Crime
113,Drama|Mystery,Drama|Mystery
114,Drama,Drama
115,Comedy,Comedy
116,Documentary,Documentary
117,Crime,Crime
118,Comedy|Romance,Comedy|Romance
119,Comedy,Comedy
120,Drama,Drama
121,Drama,Drama
122,Comedy|Romance,Comedy|Romance
123,Drama|Mystery|Romance,Drama|Mystery|Romance
124,Drama,Drama
125,Comedy,Comedy
126,Adventure|Children's|Fantasy,Adventure|Children's|Fantasy
127,Drama,Drama
128,Documentary,Documentary
129,Comedy|Romance,Comedy|Romance
130,Drama,Drama
131,Drama|Romance,Drama|Romance
132,Thriller,Thriller
133,Comedy|Drama,Comedy|Drama
134,Documentary,Documentary
135,Comedy,Comedy
136,Documentary,Documentary
137,Documentary,Documentary
138,Drama,Drama
139,Action|Drama,Action|Drama
140,Drama|Romance,Drama|Romance
141,Comedy,Comedy
142,Drama,Drama
143,Drama,Drama
144,Comedy,Comedy
145,Action,Action
146,Adventure|Children's,Adventure|Children's
147,Drama,Drama
148,Drama,Drama
149,Crime|Drama|Thriller,Crime|Drama|Thriller
150,Drama,Drama
151,Drama|Romance|War,Drama|Romance|War
152,Horror,Horror
153,Action|Adventure|Comedy|Crime,Action|Adventure|Comedy|Crime
154,Drama,Drama
155,Drama|War,Drama|War
156,Comedy,Comedy
157,Comedy|War,Comedy|War
158,Adventure|Children's,Adventure|Children's
159,Drama,Drama
160,Action|Adventure|Mystery|Sci-Fi,Action|Adventure|Mystery|Sci-Fi
161,Drama|Thriller|War,Drama|Thriller|War
162,Documentary,Documentary
163,Action|Romance|Thriller,Action|Romance|Thriller
164,Crime|Film-Noir|Mystery|Thriller,Crime|Film-Noir|Mystery|Thriller
165,Action|Thriller,Action|Thriller
166,Comedy|Drama,Comedy|Drama
167,Drama,Drama
168,Action|Adventure|Drama|Romance,Action|Adventure|Drama|Romance
169,Adventure|Children's|Drama,Adventure|Children's|Drama
170,Action|Crime|Thriller,Action|Crime|Thriller
171,Comedy,Comedy
172,Action|Sci-Fi|Thriller,Action|Sci-Fi|Thriller
173,Action|Adventure|Sci-Fi,Action|Adventure|Sci-Fi
174,Comedy,Comedy
175,Drama,Drama
176,Comedy,Comedy
177,Horror,Horror
178,Comedy,Comedy
179,Drama|Romance,Drama|Romance
180,Comedy,Comedy
181,Action|Children's,Action|Children's
182,Drama|Romance,Drama|Romance
183,Thriller,Thriller
184,Drama,Drama
185,Sci-Fi|Thriller,Sci-Fi|Thriller
186,Comedy,Comedy
187,Comedy,Comedy
188,Horror,Horror
189,Comedy,Comedy
190,Thriller,Thriller
191,Drama,Drama
192,Documentary,Documentary
193,Drama,Drama
194,Drama,Drama
195,Comedy|Drama|Romance,Comedy|Drama|Romance
196,Horror|Sci-Fi,Horror|Sci-Fi
197,Drama,Drama
198,Action|Crime|Sci-Fi,Action|Crime|Sci-Fi
199,Drama|Musical,Drama|Musical
200,Thriller,Thriller
201,Drama,Drama
202,Drama|Romance,Drama|Romance
203,Comedy,Comedy
204,Action,Action
205,Comedy|Drama,Comedy|Drama
206,Documentary,Documentary
207,Drama|Romance,Drama|Romance
208,Action|Adventure,Action|Adventure
209,Drama,Drama
210,Western,Western
211,Drama,Drama
212,Comedy,Comedy
213,Drama,Drama
214,Drama,Drama
215,Drama|Romance,Drama|Romance
216,Comedy,Comedy
217,Drama|Thriller,Drama|Thriller
218,Comedy|Drama,Comedy|Drama
219,Drama,Drama
220,Horror,Horror
222,Drama|Romance,Drama|Romance
223,Comedy,Comedy
224,Comedy|Drama|Romance,Comedy|Drama|Romance
225,Drama|Thriller,Drama|Thriller
226,Thriller,Thriller
227,Action,Action
228,Comedy,Comedy
229,Drama|Thriller,Drama|Thriller
230,Drama|Thriller,Drama|Thriller
231,Comedy,Comedy
232,Comedy|Drama,Comedy|Drama
233,Drama,Drama
234,Comedy,Comedy
235,Comedy|Drama,Comedy|Drama
236,Comedy|Romance,Comedy|Romance
237,Comedy|Romance,Comedy|Romance
238,Adventure|Children's,Adventure|Children's
239,Animation|Children's|Comedy|Romance,Animation|Children's|Comedy|Romance
240,Thriller,Thriller
241,Children's|Drama,Children's|Drama
242,Drama|Musical,Drama|Musical
243,Comedy,Comedy
244,Animation|Children's,Animation|Children's
245,Crime|Drama,Crime|Drama
246,Documentary,Documentary
247,Drama|Fantasy|Romance|Thriller,Drama|Fantasy|Romance|Thriller
248,Comedy,Comedy
249,Drama|Romance,Drama|Romance
250,Children's|Comedy,Children's|Comedy
251,Action,Action
252,Comedy|Romance,Comedy|Romance
253,Drama|Horror,Drama|Horror
254,Drama,Drama
255,Comedy,Comedy
256,Comedy|Sci-Fi,Comedy|Sci-Fi
257,Mystery|Thriller,Mystery|Thriller
258,Adventure|Children's|Comedy|Fantasy|Romance,Adventure|Children's|Comedy|Fantasy|Romance
259,Crime|Drama|Thriller,Crime|Drama|Thriller
260,Action|Adventure|Fantasy|Sci-Fi,Action|Adventure|Fantasy|Sci-Fi
261,Drama,Drama
262,Children's|Drama,Children's|Drama
263,Drama,Drama
264,Drama,Drama
265,Drama|Romance,Drama|Romance
266,Drama|Romance|War|Western,Drama|Romance|War|Western
267,Comedy,Comedy
268,Drama,Drama
269,Drama,Drama
270,Drama|Romance,Drama|Romance
271,Drama,Drama
272,Drama,Drama
273,Drama|Horror,Drama|Horror
274,Comedy,Comedy
275,Comedy,Comedy
276,Comedy|Romance,Comedy|Romance
277,Drama,Drama
278,Comedy,Comedy
279,Drama,Drama
280,Drama|Thriller,Drama|Thriller
281,Drama,Drama
282,Drama,Drama
283,Crime|Drama,Crime|Drama
284,Action|Crime,Action|Crime
285,Drama|Horror,Drama|Horror
286,Action|Sci-Fi|Thriller,Action|Sci-Fi|Thriller
287,Comedy|Romance,Comedy|Romance
288,Action|Thriller,Action|Thriller
289,Comedy|Romance,Comedy|Romance
290,Crime|Drama,Crime|Drama
291,Thriller,Thriller
292,Action|Drama|Thriller,Action|Drama|Thriller
293,Crime|Drama|Romance|Thriller,Crime|Drama|Romance|Thriller
294,Comedy|Romance,Comedy|Romance
295,Comedy|Romance,Comedy|Romance
296,Crime|Drama,Crime|Drama
297,Drama,Drama
298,Comedy,Comedy
299,Drama,Drama
300,Drama,Drama
301,Drama|Romance,Drama|Romance
302,Drama|Romance,Drama|Romance
303,Action|Adventure|Western,Action|Adventure|Western
304,Comedy|Drama,Comedy|Drama
305,Comedy,Comedy
306,Drama,Drama
307,Drama,Drama
308,Drama,Drama
309,Drama,Drama
310,Comedy,Comedy
311,Horror|Thriller,Horror|Thriller
312,Comedy,Comedy
313,Animation|Children's,Animation|Children's
314,Drama,Drama
315,Action,Action
316,Action|Adventure|Sci-Fi,Action|Adventure|Sci-Fi
317,Children's|Comedy|Fantasy,Children's|Comedy|Fantasy
318,Drama,Drama
319,Thriller,Thriller
320,Film-Noir|Thriller,Film-Noir|Thriller
321,Drama,Drama
322,Comedy|Drama,Comedy|Drama
324,Comedy,Comedy
325,Comedy,Comedy
326,Drama,Drama
327,Action|Comedy|Musical|Sci-Fi,Action|Comedy|Musical|Sci-Fi
328,Horror,Horror
329,Action|Adventure|Sci-Fi,Action|Adventure|Sci-Fi
330,Comedy|Horror,Comedy|Horror
331,Drama,Drama
332,Horror|Sci-Fi,Horror|Sci-Fi
333,Comedy,Comedy
334,Drama,Drama
335,Mystery|Thriller,Mystery|Thriller
336,Drama|War,Drama|War
337,Drama,Drama
338,Sci-Fi|Thriller,Sci-Fi|Thriller
339,Comedy|Romance,Comedy|Romance
340,Adventure|Drama,Adventure|Drama
341,Drama,Drama
342,Comedy|Romance,Comedy|Romance
343,Children's,Children's
344,Comedy,Comedy
345,Comedy|Drama,Comedy|Drama
346,Drama|Musical,Drama|Musical
347,Drama,Drama
348,Comedy,Comedy
349,Action|Adventure|Thriller,Action|Adventure|Thriller
350,Drama|Mystery|Thriller,Drama|Mystery|Thriller
351,Comedy|Drama|Romance,Comedy|Drama|Romance
352,Comedy,Comedy
353,Action|Romance|Thriller,Action|Romance|Thriller
354,Drama,Drama
355,Children's|Comedy,Children's|Comedy
356,Comedy|Romance|War,Comedy|Romance|War
357,Comedy|Romance,Comedy|Romance
358,Drama,Drama
359,Comedy|Drama|Romance,Comedy|Drama|Romance
360,Action|Comedy,Action|Comedy
361,Drama|Romance,Drama|Romance
362,Adventure|Children's|Romance,Adventure|Children's|Romance
363,Documentary,Documentary
364,Animation|Children's|Musical,Animation|Children's|Musical
365,Drama,Drama
366,Horror,Horror
367,Comedy|Crime|Fantasy,Comedy|Crime|Fantasy
368,Action|Comedy|Western,Action|Comedy|Western
369,Drama,Drama
370,Comedy,Comedy
371,Comedy|Drama,Comedy|Drama
372,Comedy|Drama,Comedy|Drama
373,Thriller,Thriller
374,Children's|Comedy,Children's|Comedy
375,Drama,Drama
376,Action|Thriller,Action|Thriller
377,Action|Romance|Thriller,Action|Romance|Thriller
378,Comedy|Romance,Comedy|Romance
379,Action|Sci-Fi,Action|Sci-Fi
380,Action|Adventure|Comedy|Romance,Action|Adventure|Comedy|Romance
381,Drama,Drama
382,Drama|Horror,Drama|Horror
383,Western,Western
384,Action,Action
385,Drama,Drama
386,Drama,Drama
387,Action|Comedy,Action|Comedy
388,Drama,Drama
389,Drama|Romance|War,Drama|Romance|War
390,Action|Comedy|Drama,Action|Comedy|Drama
391,Crime|Drama,Crime|Drama
392,Adventure|Children's,Adventure|Children's
393,Action,Action
394,Action,Action
395,Drama,Drama
396,Drama,Drama
397,Horror,Horror
398,Documentary,Documentary
399,Drama,Drama
400,Drama,Drama
401,Action|Thriller,Action|Thriller
402,Comedy,Comedy
403,Comedy|Crime|Drama,Comedy|Crime|Drama
404,Documentary,Documentary
405,Action|Sci-Fi,Action|Sci-Fi
406,Drama,Drama
407,Horror|Thriller,Horror|Thriller
408,Drama,Drama
409,Drama,Drama
410,Comedy,Comedy
411,Comedy,Comedy
412,Drama,Drama
413,Comedy,Comedy
414,Comedy,Comedy
415,Comedy|Thriller,Comedy|Thriller
416,Western,Western
417,Comedy|Romance,Comedy|Romance
418,Drama,Drama
419,Comedy,Comedy
420,Action|Comedy,Action|Comedy
421,Adventure|Children's,Adventure|Children's
422,Thriller,Thriller
423,Action|Thriller,Action|Thriller
424,Drama,Drama
425,Drama|Romance,Drama|Romance
426,Horror|Sci-Fi|Thriller,Horror|Sci-Fi|Thriller
427,Mystery|Romance|Thriller,Mystery|Romance|Thriller
428,Drama,Drama
429,Comedy,Comedy
430,Drama,Drama
431,Crime|Drama,Crime|Drama
432,Comedy|Western,Comedy|Western
433,Comedy,Comedy
434,Action|Adventure|Crime,Action|Adventure|Crime
435,Comedy|Sci-Fi,Comedy|Sci-Fi
436,Drama|Thriller,Drama|Thriller
437,Comedy,Comedy
438,Action|Comedy,Action|Comedy
439,Drama,Drama
440,Comedy|Romance,Comedy|Romance
441,Comedy,Comedy
442,Action|Sci-Fi,Action|Sci-Fi
443,Documentary,Documentary
444,Comedy|Romance,Comedy|Romance
445,Comedy,Comedy
446,Drama|Romance,Drama|Romance
447,Comedy|Romance,Comedy|Romance
448,Drama,Drama
449,Comedy,Comedy
450,Comedy|Drama,Comedy|Drama
451,Drama|Mystery|Romance,Drama|Mystery|Romance
452,Drama,Drama
453,Comedy,Comedy
454,Drama|Thriller,Drama|Thriller
455,Adventure|Children's|Drama,Adventure|Children's|Drama
456,Drama,Drama
457,Action|Thriller,Action|Thriller
458,Drama|Western,Drama|Western
459,Action,Action
460,Comedy,Comedy
461,Drama|Romance,Drama|Romance
462,Action|Adventure,Action|Adventure
463,Crime|Drama|Thriller,Crime|Drama|Thriller
464,Action|Adventure|Crime|Thriller,Action|Adventure|Crime|Thriller
465,Action|Drama|War,Action|Drama|War
466,Action|Comedy|War,Action|Comedy|War
467,Comedy,Comedy
468,Comedy|Romance,Comedy|Romance
469,Drama|Romance,Drama|Romance
470,Comedy,Comedy
471,Comedy|Romance,Comedy|Romance
472,Comedy|Drama,Comedy|Drama
473,Comedy|War,Comedy|War
474,Action|Thriller,Action|Thriller
475,Drama,Drama
476,Comedy|Drama,Comedy|Drama
477,Drama,Drama
478,Comedy,Comedy
479,Action,Action
480,Action|Adventure|Sci-Fi,Action|Adventure|Sci-Fi
481,Drama|Thriller,Drama|Thriller
482,Thriller,Thriller
483,Drama,Drama
484,Adventure|Children's,Adventure|Children's
485,Action|Comedy,Action|Comedy
486,Comedy,Comedy
487,Comedy|Western,Comedy|Western
488,Drama,Drama
489,Comedy,Comedy
490,Thriller,Thriller
491,Drama,Drama
492,Comedy|Mystery,Comedy|Mystery
493,Action|Crime|Drama,Action|Crime|Drama
494,Action|Thriller,Action|Thriller
495,Drama,Drama
496,Comedy|Drama|Romance,Comedy|Drama|Romance
497,Comedy|Romance,Comedy|Romance
498,Drama|Romance,Drama|Romance
499,Comedy|Romance,Comedy|Romance
500,Comedy,Comedy
501,Drama,Drama
502,Action|Children's,Action|Children's
503,Drama,Drama
504,Action|Sci-Fi,Action|Sci-Fi
505,Comedy,Comedy
506,Drama,Drama
507,Action|Drama,Action|Drama
508,Drama,Drama
509,Drama|Romance,Drama|Romance
510,Drama,Drama
511,Action|Drama,Action|Drama
512,Horror|Sci-Fi,Horror|Sci-Fi
513,Comedy|Mystery|Romance,Comedy|Mystery|Romance
514,Comedy,Comedy
515,Drama,Drama
516,Comedy|Drama|War,Comedy|Drama|War
517,Action|Drama|Mystery,Action|Drama|Mystery
518,Comedy,Comedy
519,Sci-Fi|Thriller,Sci-Fi|Thriller
520,Comedy,Comedy
521,Crime|Thriller,Crime|Thriller
522,Action|Drama,Action|Drama
523,Drama,Drama
524,Drama,Drama
525,Drama,Drama
526,Drama,Drama
527,Drama|War,Drama|War
528,Drama,Drama
529,Drama,Drama
530,Drama,Drama
531,Children's|Drama,Children's|Drama
532,Comedy|Crime|Horror,Comedy|Crime|Horror
533,Action,Action
534,Drama|Romance,Drama|Romance
535,Drama,Drama
536,Drama,Drama
537,Comedy|Drama,Comedy|Drama
538,Drama,Drama
539,Comedy|Romance,Comedy|Romance
540,Thriller,Thriller
541,Film-Noir|Sci-Fi,Film-Noir|Sci-Fi
542,Comedy,Comedy
543,Comedy|Romance|Thriller,Comedy|Romance|Thriller
544,Action,Action
545,Drama,Drama
546,Action|Adventure|Children's|Sci-Fi,Action|Adventure|Children's|Sci-Fi
547,Action|Adventure|Thriller,Action|Adventure|Thriller
548,Action,Action
549,Documentary,Documentary
550,Comedy|Romance,Comedy|Romance
551,Children's|Comedy|Musical,Children's|Comedy|Musical
552,Action|Adventure|Comedy,Action|Adventure|Comedy
553,Western,Western
554,Thriller,Thriller
555,Action|Crime|Romance,Action|Crime|Romance
556,Documentary,Documentary
557,Drama,Drama
558,Action|Adventure|Animation|Children's|Fantasy,Action|Adventure|Animation|Children's|Fantasy
559,Comedy,Comedy
560,Drama,Drama
561,Thriller,Thriller
562,Comedy|Drama,Comedy|Drama
563,Drama,Drama
564,Comedy,Comedy
565,Horror,Horror
566,Comedy|Romance,Comedy|Romance
567,Drama,Drama
568,Comedy|Drama,Comedy|Drama
569,Children's|Comedy,Children's|Comedy
570,Comedy|Drama,Comedy|Drama
571,Drama,Drama
572,Drama,Drama
573,Drama,Drama
574,Comedy|Drama,Comedy|Drama
575,Children's|Comedy,Children's|Comedy
576,Comedy,Comedy
577,Adventure|Children's,Adventure|Children's
578,Drama|Mystery,Drama|Mystery
579,Thriller,Thriller
580,Drama,Drama
581,Documentary,Documentary
582,Comedy,Comedy
583,Comedy|Drama,Comedy|Drama
584,Drama,Drama
585,Comedy,Comedy
586,Children's|Comedy,Children's|Comedy
587,Comedy|Romance|Thriller,Comedy|Romance|Thriller
588,Animation|Children's|Comedy|Musical,Animation|Children's|Comedy|Musical
589,Action|Sci-Fi|Thriller,Action|Sci-Fi|Thriller
590,Adventure|Drama|Western,Adventure|Drama|Western
591,Action|Drama|Thriller,Action|Drama|Thriller
592,Action|Adventure|Crime|Drama,Action|Adventure|Crime|Drama
593,Drama|Thriller,Drama|Thriller
594,Animation|Children's|Musical,Animation|Children's|Musical
595,Animation|Children's|Musical,Animation|Children's|Musical
596,Animation|Children's,Animation|Children's
597,Comedy|Romance,Comedy|Romance
598,Comedy,Comedy
599,Western,Western
600,Thriller,Thriller
601,Drama,Drama
602,Documentary,Documentary
603,Comedy,Comedy
604,Documentary,Documentary
605,Drama|Romance,Drama|Romance
606,Horror,Horror
607,Drama,Drama
608,Crime|Drama|Thriller,Crime|Drama|Thriller
609,Adventure|Children's,Adventure|Children's
610,Action|Adventure|Animation|Horror|Sci-Fi,Action|Adventure|Animation|Horror|Sci-Fi
611,Action|Horror|Sci-Fi,Action|Horror|Sci-Fi
612,Comedy,Comedy
613,Drama|Romance,Drama|Romance
614,Drama|Thriller,Drama|Thriller
615,Drama,Drama
616,Animation|Children's,Animation|Children's
617,Drama,Drama
618,Comedy|Romance,Comedy|Romance
619,Comedy,Comedy
620,Drama,Drama
621,Drama,Drama
623,Romance,Romance
624,Action|Drama|Thriller,Action|Drama|Thriller
625,Drama,Drama
626,Comedy,Comedy
627,Drama|Thriller,Drama|Thriller
628,Drama|Thriller,Drama|Thriller
629,Drama,Drama
630,Drama|Romance,Drama|Romance
631,Animation|Children's|Musical,Animation|Children's|Musical
632,War,War
633,Comedy,Comedy
634,Comedy,Comedy
635,Comedy|Drama,Comedy|Drama
636,Drama,Drama
637,Comedy,Comedy
638,Romance,Romance
639,Comedy,Comedy
640,Drama|Thriller,Drama|Thriller
641,Comedy,Comedy
642,Drama,Drama
643,Comedy,Comedy
644,Comedy,Comedy
645,Drama,Drama
647,Drama|War,Drama|War
648,Action|Adventure|Mystery,Action|Adventure|Mystery
649,Comedy|Drama,Comedy|Drama
650,Drama,Drama
651,Comedy,Comedy
652,Mystery,Mystery
653,Action|Adventure|Fantasy,Action|Adventure|Fantasy
654,Drama|Romance,Drama|Romance
655,Comedy,Comedy
656,Comedy,Comedy
657,Comedy|Drama,Comedy|Drama
658,Drama,Drama
659,Crime|Thriller,Crime|Thriller
660,Drama,Drama
661,Animation|Children's|Musical,Animation|Children's|Musical
662,Thriller,Thriller
663,Comedy,Comedy
664,Comedy,Comedy
665,War,War
666,Drama,Drama
667,Action,Action
668,Drama,Drama
669,Drama,Drama
670,Drama,Drama
671,Comedy|Sci-Fi,Comedy|Sci-Fi
672,Drama,Drama
673,Adventure|Animation|Children's|Comedy|Fantasy,Adventure|Animation|Children's|Comedy|Fantasy
674,Adventure|Sci-Fi,Adventure|Sci-Fi
675,Action|Drama|Thriller,Action|Drama|Thriller
676,Drama,Drama
678,Drama|Thriller,Drama|Thriller
679,Drama,Drama
680,Sci-Fi,Sci-Fi
681,Crime,Crime
682,Documentary|Drama,Documentary|Drama
683,Documentary,Documentary
684,Drama,Drama
685,Drama,Drama
687,Drama|Romance,Drama|Romance
688,Action|Adventure|Comedy|War,Action|Adventure|Comedy|War
690,Romance,Romance
691,Comedy|Romance,Comedy|Romance
692,Action|Sci-Fi|Thriller,Action|Sci-Fi|Thriller
693,Drama,Drama
694,Action,Action
695,Mystery|Thriller,Mystery|Thriller
696,Thriller,Thriller
697,Drama|Romance,Drama|Romance
698,Drama,Drama
699,Drama,Drama
700,Comedy,Comedy
701,Drama,Drama
702,Drama,Drama
703,Drama,Drama
704,Action|Adventure,Action|Adventure
705,Comedy,Comedy
706,Drama,Drama
707,Crime|Film-Noir|Thriller,Crime|Film-Noir|Thriller
708,Comedy|Romance,Comedy|Romance
709,Animation|Children's,Animation|Children's
710,Comedy,Comedy
711,Adventure|Children's,Adventure|Children's
712,Drama,Drama
713,Drama,Drama
714,Western,Western
715,Drama,Drama
716,Crime,Crime
717,Comedy,Comedy
718,Comedy|Sci-Fi,Comedy|Sci-Fi
719,Comedy,Comedy
720,Animation,Animation
721,Drama,Drama
722,Documentary,Documentary
723,Drama,Drama
724,Drama|Horror,Drama|Horror
725,Comedy,Comedy
726,Drama,Drama
727,Documentary,Documentary
728,Comedy,Comedy
729,Drama,Drama
730,Drama,Drama
731,Mystery|Thriller,Mystery|Thriller
732,Crime,Crime
733,Action|Adventure|Thriller,Action|Adventure|Thriller
734,Comedy,Comedy
735,Comedy|Horror,Comedy|Horror
736,Action|Adventure|Romance|Thriller,Action|Adventure|Romance|Thriller
737,Action|Sci-Fi,Action|Sci-Fi
738,Drama,Drama
739,Comedy,Comedy
741,Animation|Sci-Fi,Animation|Sci-Fi
742,Horror|Thriller,Horror|Thriller
743,Comedy,Comedy
744,Drama,Drama
745,Animation|Comedy|Thriller,Animation|Comedy|Thriller
746,Film-Noir,Film-Noir
747,Comedy,Comedy
748,Action|Sci-Fi|Thriller,Action|Sci-Fi|Thriller
749,Drama,Drama
750,Sci-Fi|War,Sci-Fi|War
751,Comedy,Comedy
752,Comedy|Romance,Comedy|Romance
753,Comedy|Drama,Comedy|Drama
754,Adventure|Children's,Adventure|Children's
755,Children's|Drama,Children's|Drama
756,Documentary,Documentary
757,Drama,Drama
758,Drama,Drama
759,Documentary,Documentary
760,War,War
761,Adventure,Adventure
762,Comedy|Crime,Comedy|Crime
763,Drama,Drama
764,Drama|Romance,Drama|Romance
765,Comedy|Drama,Comedy|Drama
766,Drama,Drama
767,Drama,Drama
768,Drama,Drama
769,Documentary,Documentary
770,Drama,Drama
771,Comedy|Drama,Comedy|Drama
772,Comedy,Comedy
773,Drama,Drama
774,Drama,Drama
775,Horror,Horror
776,Comedy|Drama,Comedy|Drama
777,War,War
778,Drama,Drama
779,Drama|Romance,Drama|Romance
780,Action|Sci-Fi|War,Action|Sci-Fi|War
781,Drama,Drama
782,Thriller,Thriller
783,Animation|Children's|Musical,Animation|Children's|Musical
784,Comedy,Comedy
785,Comedy,Comedy
786,Action|Thriller,Action|Thriller
787,Documentary,Documentary
788,Comedy|Fantasy|Romance|Sci-Fi,Comedy|Fantasy|Romance|Sci-Fi
789,Drama,Drama
790,Drama,Drama
791,Documentary,Documentary
792,Fantasy,Fantasy
793,Drama,Drama
794,Comedy|Drama,Comedy|Drama
795,Drama,Drama
796,Drama,Drama
797,Comedy,Comedy
798,Action|Adventure|Thriller,Action|Adventure|Thriller
799,Comedy|Horror,Comedy|Horror
800,Drama|Mystery,Drama|Mystery
801,Children's|Comedy,Children's|Comedy
802,Drama|Romance,Drama|Romance
803,Romance,Romance
804,Comedy|Romance,Comedy|Romance
805,Drama,Drama
806,Drama,Drama
807,Comedy|Romance,Comedy|Romance
808,Adventure|Children's,Adventure|Children's
809,Action|Adventure,Action|Adventure
810,Children's|Comedy|Fantasy,Children's|Comedy|Fantasy
811,Comedy,Comedy
812,Drama,Drama
813,Comedy,Comedy
814,Drama,Drama
815,Action|Mystery|Thriller,Action|Mystery|Thriller
816,Drama,Drama
818,Comedy,Comedy
819,Comedy|Drama,Comedy|Drama
820,Drama,Drama
821,Romance,Romance
822,Drama,Drama
823,Drama,Drama
824,Drama,Drama
825,Comedy|Romance,Comedy|Romance
826,Drama,Drama
827,Drama,Drama
828,Adventure|Children's,Adventure|Children's
829,Comedy|Musical,Comedy|Musical
830,Comedy,Comedy
831,Drama,Drama
832,Drama|Thriller,Drama|Thriller
833,Comedy,Comedy
834,Comedy,Comedy
835,Drama,Drama
836,Action|Adventure|Thriller,Action|Adventure|Thriller
837,Children's|Comedy,Children's|Comedy
838,Comedy|Drama|Romance,Comedy|Drama|Romance
839,Action|Thriller,Action|Thriller
840,Comedy,Comedy
841,Horror,Horror
842,Horror,Horror
843,Drama,Drama
844,Drama,Drama
845,Drama,Drama
846,Drama,Drama
847,Comedy|Drama,Comedy|Drama
848,Drama,Drama
849,Action|Adventure|Sci-Fi|Thriller,Action|Adventure|Sci-Fi|Thriller
850,Crime|Drama,Crime|Drama
851,Drama,Drama
852,Comedy|Romance,Comedy|Romance
853,Drama,Drama
854,Drama,Drama
855,Drama,Drama
856,Comedy,Comedy
857,Drama,Drama
858,Action|Crime|Drama,Action|Crime|Drama
859,Documentary,Documentary
860,Comedy,Comedy
861,Action|Thriller,Action|Thriller
862,Drama,Drama
863,Comedy,Comedy
864,Comedy|Drama,Comedy|Drama
865,Drama,Drama
866,Crime|Drama|Romance|Thriller,Crime|Drama|Romance|Thriller
867,Comedy|Crime,Comedy|Crime
868,Comedy,Comedy
869,Crime,Crime
870,Comedy,Comedy
871,Comedy,Comedy
872,Drama,Drama
873,Drama,Drama
874,Crime|Drama,Crime|Drama
875,Drama,Drama
876,Action,Action
877,Drama,Drama
878,Drama,Drama
879,Horror,Horror
880,Sci-Fi|Thriller,Sci-Fi|Thriller
881,Children's|Comedy,Children's|Comedy
882,Drama|Thriller,Drama|Thriller
884,Drama,Drama
885,Children's|Drama|Fantasy,Children's|Drama|Fantasy
886,Action,Action
887,Drama,Drama
888,Animation|Children's,Animation|Children's
889,Romance,Romance
890,Thriller,Thriller
891,Horror|Thriller,Horror|Thriller
892,Comedy|Drama|Romance,Comedy|Drama|Romance
893,Drama,Drama
894,Romance,Romance
895,Drama,Drama
896,Drama,Drama
897,Adventure|War,Adventure|War
898,Comedy|Romance,Comedy|Romance
899,Musical|Romance,Musical|Romance
900,Musical|Romance,Musical|Romance
901,Comedy|Musical,Comedy|Musical
902,Drama|Romance,Drama|Romance
903,Mystery|Thriller,Mystery|Thriller
904,Mystery|Thriller,Mystery|Thriller
905,Comedy,Comedy
906,Mystery|Thriller,Mystery|Thriller
907,Comedy|Musical|Romance,Comedy|Musical|Romance
908,Drama|Thriller,Drama|Thriller
909,Comedy|Drama,Comedy|Drama
910,Comedy|Crime,Comedy|Crime
911,Comedy|Mystery|Romance|Thriller,Comedy|Mystery|Romance|Thriller
912,Drama|Romance|War,Drama|Romance|War
913,Film-Noir|Mystery,Film-Noir|Mystery
914,Musical|Romance,Musical|Romance
915,Comedy|Romance,Comedy|Romance
916,Comedy|Romance,Comedy|Romance
917,Children's|Drama,Children's|Drama
918,Musical,Musical
919,Adventure|Children's|Drama|Musical,Adventure|Children's|Drama|Musical
920,Drama|Romance|War,Drama|Romance|War
921,Comedy,Comedy
922,Film-Noir,Film-Noir
923,Drama,Drama
924,Drama|Mystery|Sci-Fi|Thriller,Drama|Mystery|Sci-Fi|Thriller
925,Adventure|Romance,Adventure|Romance
926,Drama,Drama
927,Comedy,Comedy
928,Romance|Thriller,Romance|Thriller
929,Thriller,Thriller
930,Film-Noir|Romance|Thriller,Film-Noir|Romance|Thriller
931,Mystery|Romance|Thriller,Mystery|Romance|Thriller
932,Romance,Romance
933,Comedy|Romance|Thriller,Comedy|Romance|Thriller
934,Comedy,Comedy
935,Comedy|Musical,Comedy|Musical
936,Comedy|Romance,Comedy|Romance
937,Comedy|Romance,Comedy|Romance
938,Musical,Musical
939,Comedy|Drama,Comedy|Drama
940,Action|Adventure,Action|Adventure
941,Adventure,Adventure
942,Crime|Film-Noir|Mystery,Crime|Film-Noir|Mystery
943,Drama|Romance,Drama|Romance
944,Drama,Drama
945,Comedy|Musical|Romance,Comedy|Musical|Romance
946,Comedy|Drama|War,Comedy|Drama|War
947,Comedy,Comedy
948,Drama,Drama
949,Drama,Drama
950,Mystery,Mystery
951,Comedy,Comedy
952,Adventure|Comedy,Adventure|Comedy
953,Drama,Drama
954,Drama,Drama
955,Comedy,Comedy
956,Drama|Romance,Drama|Romance
957,Drama,Drama
958,Comedy|Mystery,Comedy|Mystery
959,Drama,Drama
960,Crime|Drama,Crime|Drama
961,Drama,Drama
962,Crime|Drama,Crime|Drama
963,Musical,Musical
964,Western,Western
965,Thriller,Thriller
966,Drama,Drama
967,Western,Western
968,Horror|Sci-Fi,Horror|Sci-Fi
969,Action|Adventure|Romance|War,Action|Adventure|Romance|War
970,Comedy|Drama,Comedy|Drama
971,Drama,Drama
972,Drama,Drama
973,Drama,Drama
974,Drama|Romance,Drama|Romance
975,Comedy|Musical,Comedy|Musical
976,Romance|War,Romance|War
977,Mystery,Mystery
978,Drama,Drama
979,Drama|War,Drama|War
980,Action,Action
981,Drama,Drama
982,Drama,Drama
983,Romance,Romance
984,Comedy|Drama,Comedy|Drama
985,Documentary,Documentary
986,Adventure|Children's,Adventure|Children's
987,Drama|Romance,Drama|Romance
988,Comedy|Drama,Comedy|Drama
989,Drama,Drama
990,Action|Adventure|Thriller,Action|Adventure|Thriller
991,Drama|War,Drama|War
992,Thriller,Thriller
993,Drama,Drama
994,Drama,Drama
996,Action|Drama|Western,Action|Drama|Western
997,Drama|Thriller,Drama|Thriller
998,Action|Crime,Action|Crime
999,Crime,Crime
1000,Crime,Crime
1001,Comedy,Comedy
1002,Comedy,Comedy
1003,Drama|Thriller,Drama|Thriller
1004,Action|Thriller,Action|Thriller
1005,Children's|Comedy,Children's|Comedy
1006,Drama,Drama
1007,Children's|Comedy|Western,Children's|Comedy|Western
1008,Western,Western
1009,Adventure|Children's|Fantasy,Adventure|Children's|Fantasy
1010,Children's|Comedy,Children's|Comedy
1011,Adventure|Children's|Comedy,Adventure|Children's|Comedy
1012,Children's|Drama,Children's|Drama
1013,Children's|Drama,Children's|Drama
1014,Children's|Comedy|Drama,Children's|Comedy|Drama
1015,Adventure|Children's,Adventure|Children's
1016,Children's|Comedy,Children's|Comedy
1017,Adventure|Children's,Adventure|Children's
1018,Children's|Comedy|Mystery,Children's|Comedy|Mystery
1019,Adventure|Children's|Fantasy|Sci-Fi,Adventure|Children's|Fantasy|Sci-Fi
1020,Comedy,Comedy
1021,Children's|Comedy,Children's|Comedy
1022,Animation|Children's|Musical,Animation|Children's|Musical
1023,Animation|Children's,Animation|Children's
1024,Animation|Children's|Musical,Animation|Children's|Musical
1025,Animation|Children's,Animation|Children's
1026,Children's|Drama,Children's|Drama
1027,Drama,Drama
1028,Children's|Comedy|Musical,Children's|Comedy|Musical
1029,Animation|Children's|Musical,Animation|Children's|Musical
1030,Adventure|Animation|Children's|Musical,Adventure|Animation|Children's|Musical
1031,Adventure|Children's|Musical,Adventure|Children's|Musical
1032,Animation|Children's|Musical,Animation|Children's|Musical
1033,Animation|Children's,Animation|Children's
1034,Crime,Crime
1035,Musical,Musical
1036,Action|Thriller,Action|Thriller
1037,Action|Sci-Fi|Thriller,Action|Sci-Fi|Thriller
1038,Drama,Drama
1039,Documentary,Documentary
1040,Drama,Drama
1041,Drama,Drama
1042,Comedy,Comedy
1043,Drama|Romance,Drama|Romance
1044,Drama,Drama
1045,Comedy|Drama,Comedy|Drama
1046,Drama|Romance,Drama|Romance
1047,Action|Thriller,Action|Thriller
1049,Action|Adventure,Action|Adventure
1050,Documentary|Drama,Documentary|Drama
1051,Drama,Drama
1052,Drama,Drama
1053,Crime|Drama,Crime|Drama
1054,Drama,Drama
1055,Thriller,Thriller
1056,Drama,Drama
1057,Comedy|Musical|Romance,Comedy|Musical|Romance
1058,Drama,Drama
1059,Drama|Romance,Drama|Romance
1060,Comedy|Drama,Comedy|Drama
1061,Crime|Drama,Crime|Drama
1062,Drama,Drama
1063,Drama,Drama
1064,Animation|Children's|Comedy,Animation|Children's|Comedy
1065,Mystery,Mystery
1066,Comedy|Musical|Romance,Comedy|Musical|Romance
1067,Comedy|Musical|Romance,Comedy|Musical|Romance
1068,Crime|Film-Noir,Crime|Film-Noir
1069,Film-Noir|Thriller,Film-Noir|Thriller
1070,Adventure,Adventure
1071,Romance|War,Romance|War
1073,Adventure|Children's|Comedy|Fantasy,Adventure|Children's|Comedy|Fantasy
1075,Comedy,Comedy
1076,Thriller,Thriller
1077,Comedy|Sci-Fi,Comedy|Sci-Fi
1078,Comedy|War,Comedy|War
1079,Comedy,Comedy
1080,Comedy,Comedy
1081,Comedy|Musical,Comedy|Musical
1082,Drama,Drama
1083,Comedy|Musical,Comedy|Musical
1084,Crime|Drama,Crime|Drama
1085,Adventure|Drama,Adventure|Drama
1086,Mystery|Thriller,Mystery|Thriller
1087,Musical,Musical
1088,Musical|Romance,Musical|Romance
1089,Crime|Thriller,Crime|Thriller
1090,Drama|War,Drama|War
1091,Comedy,Comedy
1092,Mystery|Thriller,Mystery|Thriller
1093,Drama|Musical,Drama|Musical
1094,Drama|Romance|War,Drama|Romance|War
1095,Drama,Drama
1096,Drama,Drama
1097,Children's|Drama|Fantasy|Sci-Fi,Children's|Drama|Fantasy|Sci-Fi
1098,Comedy,Comedy
1099,Drama,Drama
1100,Action|Romance,Action|Romance
1101,Action|Romance,Action|Romance
1102,Action,Action
1103,Drama,Drama
1104,Drama,Drama
1105,Horror,Horror
1106,Documentary,Documentary
1107,Comedy,Comedy
1108,Documentary,Documentary
1109,Drama,Drama
1110,Action,Action
1111,Documentary,Documentary
1112,Action|Drama,Action|Drama
1113,Comedy,Comedy
1114,Drama,Drama
1115,Comedy|Drama,Comedy|Drama
1116,Drama,Drama
1117,Drama,Drama
1118,Adventure|Western,Adventure|Western
1119,Drama,Drama
1120,Drama,Drama
1121,Drama,Drama
1122,Documentary,Documentary
1123,Documentary,Documentary
1124,Drama,Drama
1125,Comedy,Comedy
1126,Comedy|Fantasy,Comedy|Fantasy
1127,Action|Adventure|Sci-Fi|Thriller,Action|Adventure|Sci-Fi|Thriller
1128,Horror,Horror
1129,Action|Adventure|Sci-Fi|Thriller,Action|Adventure|Sci-Fi|Thriller
1130,Horror,Horror
1131,Drama,Drama
1132,Drama,Drama
1133,Comedy|Drama,Comedy|Drama
1134,Action|Drama,Action|Drama
1135,Comedy,Comedy
1136,Comedy,Comedy
1137,Romance,Romance
1138,Documentary,Documentary
1139,Drama,Drama
1140,Drama,Drama
1141,Drama,Drama
1142,Drama,Drama
1143,Comedy,Comedy
1144,Documentary,Documentary
1145,Documentary,Documentary
1146,Comedy|Drama,Comedy|Drama
1147,Documentary,Documentary
1148,Animation|Comedy,Animation|Comedy
1149,Documentary|Drama,Documentary|Drama
1150,Drama,Drama
1151,Animation|Comedy|Thriller,Animation|Comedy|Thriller
1152,Crime|Film-Noir|Thriller,Crime|Film-Noir|Thriller
1153,Film-Noir,Film-Noir
1154,Film-Noir,Film-Noir
1155,Drama,Drama
1156,Drama,Drama
1157,Drama,Drama
1158,Comedy,Comedy
1159,Romance,Romance
1160,Comedy,Comedy
1161,Drama,Drama
1162,Comedy,Comedy
1163,Drama,Drama
1164,Drama,Drama
1165,Drama|Thriller,Drama|Thriller
1166,Comedy,Comedy
1167,Comedy,Comedy
1168,Horror,Horror
1169,Documentary,Documentary
1170,Action,Action
1171,Comedy,Comedy
1172,Comedy|Drama|Romance,Comedy|Drama|Romance
1173,Drama,Drama
1174,Comedy,Comedy
1175,Comedy|Sci-Fi,Comedy|Sci-Fi
1176,Drama,Drama
1177,Drama,Drama
1178,Drama|War,Drama|War
1179,Crime|Drama|Film-Noir,Crime|Drama|Film-Noir
1180,Comedy,Comedy
1181,Action,Action
1183,Drama|Romance|War,Drama|Romance|War
1184,Comedy|War,Comedy|War
1185,Drama,Drama
1186,Drama,Drama
1187,Drama,Drama
1188,Comedy|Romance,Comedy|Romance
1189,Documentary,Documentary
1190,Drama,Drama
1191,Documentary,Documentary
1192,Documentary,Documentary
1193,Drama,Drama
1194,Comedy,Comedy
1196,Action|Adventure|Drama|Sci-Fi|War,Action|Adventure|Drama|Sci-Fi|War
1197,Action|Adventure|Comedy|Romance,Action|Adventure|Comedy|Romance
1198,Action|Adventure,Action|Adventure
1199,Sci-Fi,Sci-Fi
1200,Action|Sci-Fi|Thriller|War,Action|Sci-Fi|Thriller|War
1201,Action|Western,Action|Western
1202,Comedy,Comedy
1203,Drama,Drama
1204,Adventure|War,Adventure|War
1205,Action|Animation|Children's|Sci-Fi|Thriller|War,Action|Animation|Children's|Sci-Fi|Thriller|War
1206,Sci-Fi,Sci-Fi
1207,Drama,Drama
1208,Drama|War,Drama|War
1209,Western,Western
1210,Action|Adventure|Romance|Sci-Fi|War,Action|Adventure|Romance|Sci-Fi|War
1211,Comedy|Drama|Romance,Comedy|Drama|Romance
1212,Mystery|Thriller,Mystery|Thriller
1213,Crime|Drama,Crime|Drama
1214,Action|Horror|Sci-Fi|Thriller,Action|Horror|Sci-Fi|Thriller
1215,Action|Adventure|Comedy|Horror|Sci-Fi,Action|Adventure|Comedy|Horror|Sci-Fi
1216,Adventure|Romance,Adventure|Romance
1217,Drama|War,Drama|War
1218,Action|Thriller,Action|Thriller
1219,Horror|Thriller,Horror|Thriller
1220,Action|Comedy|Musical,Action|Comedy|Musical
1221,Action|Crime|Drama,Action|Crime|Drama
1222,Action|Drama|War,Action|Drama|War
1223,Animation|Comedy,Animation|Comedy
1224,Drama|War,Drama|War
1225,Drama,Drama
1226,Comedy|Romance,Comedy|Romance
1227,Crime|Drama|Thriller,Crime|Drama|Thriller
1228,Drama,Drama
1230,Comedy|Romance,Comedy|Romance
1231,Drama,Drama
1232,Mystery|Sci-Fi,Mystery|Sci-Fi
1233,Action|Drama|War,Action|Drama|War
1234,Comedy|Crime,Comedy|Crime
1235,Comedy,Comedy
1236,Comedy|Drama,Comedy|Drama
1237,Drama,Drama
1238,Comedy,Comedy
1240,Action|Sci-Fi|Thriller,Action|Sci-Fi|Thriller
1241,Comedy|Horror,Comedy|Horror
1242,Action|Drama|War,Action|Drama|War
1243,Comedy|Drama,Comedy|Drama
1244,Comedy|Drama|Romance,Comedy|Drama|Romance
1245,Drama,Drama
1246,Drama,Drama
1247,Drama|Romance,Drama|Romance
1248,Crime|Film-Noir|Thriller,Crime|Film-Noir|Thriller
1249,Thriller,Thriller
1250,Drama|War,Drama|War
1251,Drama,Drama
1252,Film-Noir|Mystery|Thriller,Film-Noir|Mystery|Thriller
1253,Drama|Sci-Fi,Drama|Sci-Fi
1254,Adventure,Adventure
1255,Comedy|Horror,Comedy|Horror
1256,Comedy|War,Comedy|War
1257,Comedy,Comedy
1258,Horror,Horror
1259,Adventure|Comedy|Drama,Adventure|Comedy|Drama
1260,Crime|Film-Noir|Thriller,Crime|Film-Noir|Thriller
1261,Action|Adventure|Comedy|Horror,Action|Adventure|Comedy|Horror
1262,Adventure|War,Adventure|War
1263,Drama|War,Drama|War
1264,Action|Drama|Mystery|Romance|Thriller,Action|Drama|Mystery|Romance|Thriller
1265,Comedy|Romance,Comedy|Romance
1266,Western,Western
1267,Film-Noir|Thriller,Film-Noir|Thriller
1268,Drama,Drama
1269,Comedy|Mystery|Thriller,Comedy|Mystery|Thriller
1270,Comedy|Sci-Fi,Comedy|Sci-Fi
1271,Drama,Drama
1272,Drama|War,Drama|War
1273,Comedy|Drama,Comedy|Drama
1274,Adventure|Animation|Sci-Fi|Thriller,Adventure|Animation|Sci-Fi|Thriller
1275,Action|Adventure,Action|Adventure
1276,Comedy|Drama,Comedy|Drama
1277,Action|Drama|Romance,Action|Drama|Romance
1278,Comedy|Horror,Comedy|Horror
1279,Comedy|Drama,Comedy|Drama
1280,Drama,Drama
1281,Comedy,Comedy
1282,Animation|Children's|Musical,Animation|Children's|Musical
1283,Western,Western
1284,Film-Noir|Mystery,Film-Noir|Mystery
1285,Comedy,Comedy
1286,Drama|Romance,Drama|Romance
1287,Action|Adventure|Drama,Action|Adventure|Drama
1288,Comedy|Drama|Musical,Comedy|Drama|Musical
1289,Documentary|War,Documentary|War
1290,Drama|Romance,Drama|Romance
1291,Action|Adventure,Action|Adventure
1292,Comedy,Comedy
1293,Drama,Drama
1294,Comedy|War,Comedy|War
1295,Drama,Drama
1296,Drama|Romance,Drama|Romance
1297,Comedy,Comedy
1298,Drama|Musical|War,Drama|Musical|War
1299,Drama|War,Drama|War
1300,Drama,Drama
1301,Sci-Fi,Sci-Fi
1302,Drama,Drama
1303,Adventure,Adventure
1304,Action|Comedy|Western,Action|Comedy|Western
1305,Drama,Drama
1306,Drama|Sci-Fi,Drama|Sci-Fi
1307,Comedy|Romance,Comedy|Romance
1308,Comedy,Comedy
1309,Drama|Romance,Drama|Romance
1310,Documentary,Documentary
1311,Comedy,Comedy
1312,Drama,Drama
1313,Crime,Crime
1314,Romance,Romance
1315,Documentary,Documentary
1316,Drama,Drama
1317,Comedy,Comedy
1318,Comedy|Drama,Comedy|Drama
1319,Documentary,Documentary
1320,Action|Horror|Sci-Fi|Thriller,Action|Horror|Sci-Fi|Thriller
1321,Horror,Horror
1322,Horror,Horror
1323,Horror,Horror
1324,Horror,Horror
1325,Horror,Horror
1326,Horror,Horror
1327,Horror,Horror
1328,Horror,Horror
1329,Horror,Horror
1330,Comedy|Horror,Comedy|Horror
1331,Horror,Horror
1332,Horror|Thriller,Horror|Thriller
1333,Horror,Horror
1334,Horror|Sci-Fi,Horror|Sci-Fi
1335,Action|Horror,Action|Horror
1336,Horror,Horror
1337,Horror,Horror
1339,Horror|Romance,Horror|Romance
1340,Horror,Horror
1341,Horror,Horror
1342,Horror,Horror
1343,Thriller,Thriller
1344,Film-Noir|Thriller,Film-Noir|Thriller
1345,Horror,Horror
1346,Horror,Horror
1347,Horror,Horror
1348,Horror,Horror
1349,Horror,Horror
1350,Horror,Horror
1351,Drama,Drama
1352,Crime|Thriller,Crime|Thriller
1353,Comedy|Romance,Comedy|Romance
1354,Drama,Drama
1355,Horror|Thriller,Horror|Thriller
1356,Action|Adventure|Sci-Fi,Action|Adventure|Sci-Fi
1357,Drama|Romance,Drama|Romance
1358,Drama|Thriller,Drama|Thriller
1359,Adventure|Children's|Comedy,Adventure|Children's|Comedy
1360,Drama,Drama
1361,Documentary,Documentary
1362,Drama,Drama
1363,Drama,Drama
1364,Action,Action
1365,Drama,Drama
1366,Drama,Drama
1367,Children's|Comedy,Children's|Comedy
1368,Drama,Drama
1369,Drama|Thriller,Drama|Thriller
1370,Action|Thriller,Action|Thriller
1371,Action|Adventure|Sci-Fi,Action|Adventure|Sci-Fi
1372,Action|Adventure|Sci-Fi,Action|Adventure|Sci-Fi
1373,Action|Adventure|Sci-Fi,Action|Adventure|Sci-Fi
1374,Action|Adventure|Sci-Fi,Action|Adventure|Sci-Fi
1375,Action|Adventure|Sci-Fi,Action|Adventure|Sci-Fi
1376,Action|Adventure|Sci-Fi,Action|Adventure|Sci-Fi
1377,Action|Adventure|Comedy|Crime,Action|Adventure|Comedy|Crime
1378,Action|Comedy|Western,Action|Comedy|Western
1379,Action|Comedy|Western,Action|Comedy|Western
1380,Comedy|Musical|Romance,Comedy|Musical|Romance
1381,Comedy|Musical|Romance,Comedy|Musical|Romance
1382,Action|Drama,Action|Drama
1383,Action|Sci-Fi,Action|Sci-Fi
1384,Drama,Drama
1385,Action,Action
1386,Western,Western
1387,Action|Horror,Action|Horror
1388,Action|Horror,Action|Horror
1389,Action|Horror,Action|Horror
1390,Comedy,Comedy
1391,Action|Comedy|Sci-Fi|War,Action|Comedy|Sci-Fi|War
1392,Comedy|Drama,Comedy|Drama
1393,Drama|Romance,Drama|Romance
1394,Comedy,Comedy
1395,Comedy|Drama,Comedy|Drama
1396,Crime|Drama|Sci-Fi,Crime|Drama|Sci-Fi
1397,Drama,Drama
1398,Romance|War,Romance|War
1399,Drama,Drama
1400,Drama,Drama
1401,Drama,Drama
1404,Crime|Drama,Crime|Drama
1405,Animation|Comedy,Animation|Comedy
1406,Drama,Drama
1407,Horror|Thriller,Horror|Thriller
1408,Action|Romance|War,Action|Romance|War
1409,Comedy|Romance,Comedy|Romance
1410,Comedy|Drama,Comedy|Drama
1411,Drama,Drama
1412,Drama,Drama
1413,Drama,Drama
1414,Comedy,Comedy
1415,Crime|Drama|Romance,Crime|Drama|Romance
1416,Drama|Musical,Drama|Musical
1417,Drama,Drama
1419,Drama,Drama
1420,Documentary,Documentary
1421,Documentary,Documentary
1422,Mystery|Thriller,Mystery|Thriller
1423,Drama,Drama
1424,Action,Action
1425,Comedy,Comedy
1426,Children's,Children's
1427,Thriller,Thriller
1428,Drama,Drama
1429,Action,Action
1430,Thriller,Thriller
1431,Action|Comedy,Action|Comedy
1432,Action,Action
1433,Comedy|Horror,Comedy|Horror
1434,Action,Action
1436,Comedy,Comedy
1437,Drama,Drama
1438,Action|Thriller,Action|Thriller
1439,Comedy,Comedy
1440,Comedy,Comedy
1441,Comedy|Romance,Comedy|Romance
1442,Drama,Drama
1443,Documentary,Documentary
1444,Comedy,Comedy
1445,Comedy|War,Comedy|War
1446,Comedy,Comedy
1447,Crime,Crime
1448,Documentary,Documentary
1449,Comedy,Comedy
1450,War,War
1453,Comedy|Romance,Comedy|Romance
1454,Comedy,Comedy
1455,Comedy|Romance,Comedy|Romance
1456,Comedy,Comedy
1457,Comedy|Romance,Comedy|Romance
1458,Romance,Romance
1459,Mystery|Thriller,Mystery|Thriller
1460,Children's|Comedy|Mystery,Children's|Comedy|Mystery
1461,Comedy,Comedy
1462,Documentary,Documentary
1463,Comedy|Romance,Comedy|Romance
1464,Mystery,Mystery
1465,Drama,Drama
1466,Crime|Drama,Crime|Drama
1467,Comedy|Drama,Comedy|Drama
1468,Comedy|Romance,Comedy|Romance
1470,Documentary,Documentary
1471,Drama,Drama
1472,Crime|Thriller,Crime|Thriller
1473,Action|Comedy|Crime|Drama,Action|Comedy|Crime|Drama
1474,Children's|Comedy,Children's|Comedy
1475,Romance,Romance
1476,Comedy|Drama,Comedy|Drama
1477,Romance,Romance
1479,Action|Romance|Thriller,Action|Romance|Thriller
1480,Action|Drama|Thriller,Action|Drama|Thriller
1482,Comedy|Drama,Comedy|Drama
1483,Drama|Thriller,Drama|Thriller
1484,Mystery,Mystery
1485,Comedy,Comedy
1486,Drama,Drama
1487,Drama|Musical,Drama|Musical
1488,Action|Drama|Thriller|War,Action|Drama|Thriller|War
1489,Animation|Children's|Musical,Animation|Children's|Musical
1490,Comedy,Comedy
1493,Romance,Romance
1494,Comedy,Comedy
1495,Action|Adventure|Children's,Action|Adventure|Children's
1496,Drama|Romance,Drama|Romance
1497,Action,Action
1498,Drama|Romance,Drama|Romance
1499,Action|Adventure|Thriller,Action|Adventure|Thriller
1500,Comedy|Crime,Comedy|Crime
1501,Crime,Crime
1502,Romance,Romance
1503,Comedy,Comedy
1504,Drama,Drama
1507,Drama|War,Drama|War
1508,Drama,Drama
1509,Drama,Drama
1510,Drama,Drama
1511,Comedy,Comedy
1513,Comedy,Comedy
1514,Romance,Romance
1515,Drama|Thriller,Drama|Thriller
1516,Comedy,Comedy
1517,Comedy,Comedy
1518,Action|Thriller,Action|Thriller
1519,Drama,Drama
1520,Romance,Romance
1522,Drama,Drama
1523,Action|Crime|Romance,Action|Crime|Romance
1524,Drama,Drama
1525,Action|Adventure|Children's|Fantasy,Action|Adventure|Children's|Fantasy
1526,Comedy,Comedy
1527,Action|Sci-Fi,Action|Sci-Fi
1528,Comedy,Comedy
1529,Drama,Drama
1531,Drama,Drama
1532,Comedy,Comedy
1533,Drama,Drama
1534,Drama,Drama
1535,Drama|Romance,Drama|Romance
1537,Comedy,Comedy
1538,Adventure|Children's,Adventure|Children's
1539,Comedy|Crime,Comedy|Crime
1541,Comedy|Romance,Comedy|Romance
1542,Comedy|Drama|Romance,Comedy|Drama|Romance
1543,Drama,Drama
1544,Action|Adventure|Sci-Fi|Thriller,Action|Adventure|Sci-Fi|Thriller
1545,Drama,Drama
1546,Comedy,Comedy
1547,Children's|Drama,Children's|Drama
1548,Drama,Drama
1549,Drama|Romance,Drama|Romance
1550,Comedy|Romance,Comedy|Romance
1551,Adventure|Children's|Drama,Adventure|Children's|Drama
1552,Action|Adventure|Thriller,Action|Adventure|Thriller
1553,Comedy,Comedy
1554,Drama|Romance,Drama|Romance
1555,Drama,Drama
1556,Action|Romance|Thriller,Action|Romance|Thriller
1557,Drama,Drama
1558,Comedy,Comedy
1559,Drama,Drama
1561,Comedy,Comedy
1562,Action|Adventure|Crime,Action|Adventure|Crime
1563,Drama,Drama
1564,Comedy|Romance,Comedy|Romance
1565,Comedy|Thriller,Comedy|Thriller
1566,Adventure|Animation|Children's|Comedy|Musical,Adventure|Animation|Children's|Comedy|Musical
1567,Drama,Drama
1568,Crime|Drama|Mystery,Crime|Drama|Mystery
1569,Comedy|Romance,Comedy|Romance
1570,Sci-Fi,Sci-Fi
1571,Comedy|Romance,Comedy|Romance
1572,Drama,Drama
1573,Action|Sci-Fi|Thriller,Action|Sci-Fi|Thriller
1574,Romance,Romance
1575,Drama,Drama
1577,Drama,Drama
1578,Crime,Crime
1579,Drama,Drama
1580,Action|Adventure|Comedy|Sci-Fi,Action|Adventure|Comedy|Sci-Fi
1581,Comedy,Comedy
1582,Adventure|Children's,Adventure|Children's
1583,Children's|Fantasy,Children's|Fantasy
1584,Drama|Sci-Fi,Drama|Sci-Fi
1585,Comedy,Comedy
1586,Action|Drama|War,Action|Drama|War
1587,Action|Adventure,Action|Adventure
1588,Children's|Comedy,Children's|Comedy
1589,Crime|Drama|Mystery,Crime|Drama|Mystery
1590,Action|Mystery|Sci-Fi|Thriller,Action|Mystery|Sci-Fi|Thriller
1591,Action|Adventure|Sci-Fi|Thriller,Action|Adventure|Sci-Fi|Thriller
1592,Children's|Comedy,Children's|Comedy
1593,Comedy|Romance,Comedy|Romance
1594,Drama,Drama
1595,Adventure|Children's|Drama,Adventure|Children's|Drama
1596,Drama,Drama
1597,Action|Mystery|Romance|Thriller,Action|Mystery|Romance|Thriller
1598,Crime|Drama|Thriller,Crime|Drama|Thriller
1599,Action,Action
1600,Drama|Romance,Drama|Romance
1601,Crime|Drama|Film-Noir,Crime|Drama|Film-Noir
1602,Comedy,Comedy
1603,Sci-Fi|Thriller,Sci-Fi|Thriller
1604,Action|Comedy,Action|Comedy
1605,Adventure|Romance,Adventure|Romance
1606,Action|Adventure,Action|Adventure
1608,Action|Thriller,Action|Thriller
1609,Drama,Drama
1610,Action|Thriller,Action|Thriller
1611,Drama,Drama
1612,Comedy,Comedy
1613,Drama,Drama
1614,Comedy,Comedy
1615,Adventure|Thriller,Adventure|Thriller
1616,Action|Thriller|War,Action|Thriller|War
1617,Crime|Film-Noir|Mystery|Thriller,Crime|Film-Noir|Mystery|Thriller
1619,Drama|War,Drama|War
1620,Crime|Drama|Thriller,Crime|Drama|Thriller
1621,Drama,Drama
1622,Comedy|Drama,Comedy|Drama
1623,Horror,Horror
1624,Drama,Drama
1625,Mystery|Thriller,Mystery|Thriller
1626,Action|Drama|Thriller,Action|Drama|Thriller
1627,Action|Crime|Mystery,Action|Crime|Mystery
1628,Drama,Drama
1629,Comedy|Romance,Comedy|Romance
1630,Comedy|Drama,Comedy|Drama
1631,Thriller,Thriller
1632,Comedy|Romance,Comedy|Romance
1633,Drama,Drama
1635,Drama,Drama
1636,Action|Thriller,Action|Thriller
1639,Drama|Romance,Drama|Romance
1640,Comedy,Comedy
1641,Comedy,Comedy
1642,Comedy|Drama,Comedy|Drama
1643,Drama|Romance,Drama|Romance
1644,Horror|Mystery|Thriller,Horror|Mystery|Thriller
1645,Crime|Horror|Mystery|Thriller,Crime|Horror|Mystery|Thriller
1646,Comedy,Comedy
1647,Crime|Thriller,Crime|Thriller
1648,Comedy|Drama|Thriller,Comedy|Drama|Thriller
1649,Documentary,Documentary
1650,Drama,Drama
1651,Drama,Drama
1652,Documentary,Documentary
1653,Drama|Sci-Fi|Thriller,Drama|Sci-Fi|Thriller
1654,Children's|Drama|Fantasy,Children's|Drama|Fantasy
1655,Horror,Horror
1656,Romance,Romance
1657,Documentary,Documentary
1658,Romance|Thriller,Romance|Thriller
1659,Drama,Drama
1660,Drama,Drama
1661,Thriller,Thriller
1662,Crime,Crime
1663,Comedy,Comedy
1664,Drama,Drama
1665,Comedy,Comedy
1666,Romance,Romance
1667,Action|Drama,Action|Drama
1668,Drama,Drama
1669,Romance,Romance
1670,Drama|War,Drama|War
1671,Crime,Crime
1672,Drama,Drama
1673,Drama,Drama
1674,Drama|Romance|Thriller,Drama|Romance|Thriller
1675,Crime|Thriller,Crime|Thriller
1676,Action|Adventure|Sci-Fi|War,Action|Adventure|Sci-Fi|War
1677,Comedy,Comedy
1678,Drama,Drama
1679,Comedy,Comedy
1680,Drama|Romance,Drama|Romance
1681,Action|Adventure,Action|Adventure
1682,Drama,Drama
1683,Drama|Romance|Thriller,Drama|Romance|Thriller
1684,Romance,Romance
1685,Romance,Romance
1686,Crime|Thriller,Crime|Thriller
1687,Action|Thriller,Action|Thriller
1688,Animation|Children's|Musical,Animation|Children's|Musical
1689,Comedy|Mystery,Comedy|Mystery
1690,Action|Horror|Sci-Fi,Action|Horror|Sci-Fi
1692,Horror|Sci-Fi,Horror|Sci-Fi
1693,Drama,Drama
1694,Drama,Drama
1695,Drama,Drama
1696,Drama|War,Drama|War
1697,Crime,Crime
1698,Comedy,Comedy
1699,Drama,Drama
1701,Comedy|Drama,Comedy|Drama
1702,Children's|Comedy|Fantasy,Children's|Comedy|Fantasy
1703,Comedy,Comedy
1704,Drama,Drama
1705,Drama,Drama
1706,Drama,Drama
1707,Children's|Comedy,Children's|Comedy
1708,Drama,Drama
1709,Thriller,Thriller
1710,Drama,Drama
1711,Comedy|Crime|Drama|Mystery,Comedy|Crime|Drama|Mystery
1713,Children's|Comedy,Children's|Comedy
1714,Romance,Romance
1715,Thriller,Thriller
1716,Drama,Drama
1717,Horror|Thriller,Horror|Thriller
1718,Thriller,Thriller
1719,Drama,Drama
1720,Action|Adventure|Sci-Fi,Action|Adventure|Sci-Fi
1721,Drama|Romance,Drama|Romance
1722,Action|Romance|Thriller,Action|Romance|Thriller
1723,Comedy|Drama,Comedy|Drama
1724,Drama,Drama
1725,Drama,Drama
1726,Drama,Drama
1727,Drama,Drama
1728,Drama,Drama
1729,Crime|Drama,Crime|Drama
1730,Drama,Drama
1731,Comedy,Comedy
1732,Comedy|Crime|Mystery|Thriller,Comedy|Crime|Mystery|Thriller
1733,Drama|Romance,Drama|Romance
1734,Comedy|Drama,Comedy|Drama
1735,Drama|Romance,Drama|Romance
1738,Comedy,Comedy
1739,Action|Children's,Action|Children's
1740,Action|Drama,Action|Drama
1741,Drama,Drama
1742,Crime,Crime
1743,Documentary,Documentary
1744,Action|Adventure|Thriller,Action|Adventure|Thriller
1746,Comedy,Comedy
1747,Comedy|Drama,Comedy|Drama
1748,Film-Noir|Sci-Fi|Thriller,Film-Noir|Sci-Fi|Thriller
1749,Romance,Romance
1750,Adventure|Children's|Fantasy|Sci-Fi,Adventure|Children's|Fantasy|Sci-Fi
1752,Action|Thriller,Action|Thriller
1753,Comedy,Comedy
1754,Action|Mystery|Thriller,Action|Mystery|Thriller
1755,Romance,Romance
1756,Horror,Horror
1757,Drama,Drama
1758,Drama,Drama
1759,Drama,Drama
1760,Comedy|Musical,Comedy|Musical
1762,Action|Horror|Sci-Fi,Action|Horror|Sci-Fi
1764,Comedy|Thriller,Comedy|Thriller
1765,Crime|Drama,Crime|Drama
1767,Drama|Romance,Drama|Romance
1768,Drama,Drama
1769,Action|Thriller,Action|Thriller
1770,Romance|Thriller,Romance|Thriller
1771,Horror,Horror
1772,Action|Comedy|Musical,Action|Comedy|Musical
1773,Action|Drama,Action|Drama
1774,Comedy|Drama,Comedy|Drama
1776,Drama,Drama
1777,Comedy|Romance,Comedy|Romance
1779,Adventure|Sci-Fi|Thriller,Adventure|Sci-Fi|Thriller
1780,Documentary,Documentary
1781,Drama,Drama
1782,Comedy|Romance,Comedy|Romance
1783,Film-Noir|Mystery|Thriller,Film-Noir|Mystery|Thriller
1784,Comedy|Drama,Comedy|Drama
1785,Action|Crime,Action|Crime
1787,Documentary,Documentary
1788,Action|Drama,Action|Drama
1789,Drama,Drama
1791,Crime|Drama,Crime|Drama
1792,Action|Thriller,Action|Thriller
1793,Comedy,Comedy
1794,Comedy|Drama,Comedy|Drama
1795,Drama,Drama
1796,Action|Drama,Action|Drama
1797,Documentary,Documentary
1798,Thriller,Thriller
1799,Crime|Drama,Crime|Drama
1801,Action|Drama|Romance,Action|Drama|Romance
1804,Crime|Drama,Crime|Drama
1805,Crime|Drama|Mystery|Thriller,Crime|Drama|Mystery|Thriller
1806,Adventure|Children's|Comedy,Adventure|Children's|Comedy
1807,Drama,Drama
1809,Comedy|Crime|Drama,Comedy|Crime|Drama
1810,Drama,Drama
1811,Drama,Drama
1812,Children's|Comedy|Drama,Children's|Comedy|Drama
1814,Drama,Drama
1815,Drama,Drama
1816,Comedy|Drama,Comedy|Drama
1817,Comedy|Drama|Romance,Comedy|Drama|Romance
1819,Drama,Drama
1820,Drama,Drama
1821,Comedy|Romance,Comedy|Romance
1822,Children's|Comedy,Children's|Comedy
1824,Comedy|Thriller,Comedy|Thriller
1825,Action|Drama,Action|Drama
1826,Adventure|Children's,Adventure|Children's
1827,Comedy|Documentary,Comedy|Documentary
1829,Drama|Romance,Drama|Romance
1830,Comedy,Comedy
1831,Action|Sci-Fi|Thriller,Action|Sci-Fi|Thriller
1832,Action|Drama,Action|Drama
1833,Action|Drama|Thriller,Action|Drama|Thriller
1834,Drama|Thriller,Drama|Thriller
1835,Romance,Romance
1836,Drama,Drama
1837,Comedy,Comedy
1839,Comedy,Comedy
1840,Drama,Drama
1841,Drama|Thriller,Drama|Thriller
1842,Crime|Drama,Crime|Drama
1843,Children's|Comedy,Children's|Comedy
1844,Drama,Drama
1845,Comedy|Thriller,Comedy|Thriller
1846,Drama,Drama
1847,Drama|Thriller,Drama|Thriller
1848,Adventure|Children's|Comedy|Fantasy,Adventure|Children's|Comedy|Fantasy
1849,Adventure,Adventure
1850,Drama|Romance,Drama|Romance
1851,Drama|Romance,Drama|Romance
1852,Drama|Thriller,Drama|Thriller
1853,Comedy,Comedy
1854,Comedy|Romance,Comedy|Romance
1855,Comedy,Comedy
1856,Documentary|Musical,Documentary|Musical
1857,Comedy,Comedy
1858,Action|Comedy,Action|Comedy
1859,Drama,Drama
1860,Drama,Drama
1861,Comedy|Thriller,Comedy|Thriller
1862,Horror|Sci-Fi,Horror|Sci-Fi
1863,Comedy,Comedy
1864,Comedy,Comedy
1865,Documentary,Documentary
1866,Action|Comedy,Action|Comedy
1867,Action|Adventure,Action|Adventure
1868,Drama|War,Drama|War
1869,Action|Thriller,Action|Thriller
1870,Comedy|Drama,Comedy|Drama
1871,Comedy|Drama,Comedy|Drama
1872,Drama,Drama
1873,Drama,Drama
1874,Comedy|Romance,Comedy|Romance
1875,Comedy,Comedy
1876,Action|Drama|Sci-Fi|Thriller,Action|Drama|Sci-Fi|Thriller
1877,Drama,Drama
1878,Comedy|Romance,Comedy|Romance
1879,Drama,Drama
1880,Drama,Drama
1881,Adventure|Animation|Children's|Fantasy,Adventure|Animation|Children's|Fantasy
1882,Action|Sci-Fi,Action|Sci-Fi
1883,Comedy,Comedy
1884,Comedy|Drama,Comedy|Drama
1885,Comedy|Drama,Comedy|Drama
1886,Comedy,Comedy
1887,Adventure|Comedy,Adventure|Comedy
1888,Comedy|Drama|Romance,Comedy|Drama|Romance
1889,Thriller,Thriller
1890,Drama,Drama
1891,Horror|Thriller,Horror|Thriller
1892,Mystery|Thriller,Mystery|Thriller
1893,Drama,Drama
1894,Adventure|Comedy|Romance,Adventure|Comedy|Romance
1895,Comedy|Drama|Romance,Comedy|Drama|Romance
1896,Comedy,Comedy
1897,Drama|Romance,Drama|Romance
1898,Drama|War,Drama|War
1899,Adventure|Drama,Adventure|Drama
1900,Drama,Drama
1901,Documentary,Documentary
1902,Drama|Romance,Drama|Romance
1903,Comedy,Comedy
1904,Comedy|Drama,Comedy|Drama
1905,Drama,Drama
1906,Comedy|Romance,Comedy|Romance
1907,Animation|Children's,Animation|Children's
1908,Drama|Thriller,Drama|Thriller
1909,Mystery|Sci-Fi|Thriller,Mystery|Sci-Fi|Thriller
1910,Action|Comedy|Crime,Action|Comedy|Crime
1911,Comedy,Comedy
1912,Action|Crime|Romance,Action|Crime|Romance
1913,Drama|Mystery,Drama|Mystery
1914,Comedy|Drama,Comedy|Drama
1915,Drama,Drama
1916,Action|Comedy|Drama,Action|Comedy|Drama
1917,Action|Adventure|Sci-Fi|Thriller,Action|Adventure|Sci-Fi|Thriller
1918,Action|Comedy|Crime|Drama,Action|Comedy|Crime|Drama
1919,Children's|Comedy,Children's|Comedy
1920,Animation|Children's|Fantasy|War,Animation|Children's|Fantasy|War
1921,Sci-Fi|Thriller,Sci-Fi|Thriller
1922,Drama,Drama
1923,Comedy,Comedy
1924,Horror|Sci-Fi,Horror|Sci-Fi
1925,Drama|Romance|War,Drama|Romance|War
1926,Musical,Musical
1927,War,War
1928,Western,Western
1929,Drama,Drama
1930,Drama,Drama
1931,Adventure,Adventure
1932,Musical,Musical
1933,Drama,Drama
1934,Comedy,Comedy
1935,Drama,Drama
1936,Drama|War,Drama|War
1937,Comedy,Comedy
1938,Drama,Drama
1939,Drama|War,Drama|War
1940,Drama,Drama
1941,Drama,Drama
1942,Drama,Drama
1943,Drama,Drama
1944,Drama|Romance|War,Drama|Romance|War
1945,Crime|Drama,Crime|Drama
1946,Drama|Romance,Drama|Romance
1947,Musical|Romance,Musical|Romance
1948,Comedy,Comedy
1949,Drama,Drama
1950,Drama|Mystery,Drama|Mystery
1951,Musical,Musical
1952,Drama,Drama
1953,Action|Crime|Drama|Thriller,Action|Crime|Drama|Thriller
1954,Action|Drama,Action|Drama
1955,Drama,Drama
1956,Drama,Drama
1957,Drama,Drama
1958,Comedy|Drama,Comedy|Drama
1959,Drama|Romance,Drama|Romance
1960,Drama|War,Drama|War
1961,Drama,Drama
1962,Drama,Drama
1963,Comedy,Comedy
1964,Drama|Mystery,Drama|Mystery
1965,Comedy|Sci-Fi,Comedy|Sci-Fi
1966,Comedy,Comedy
1967,Adventure|Children's|Fantasy,Adventure|Children's|Fantasy
1968,Comedy|Drama,Comedy|Drama
1969,Horror,Horror
1970,Horror,Horror
1971,Horror,Horror
1972,Horror,Horror
1973,Horror,Horror
1974,Horror,Horror
1975,Horror,Horror
1976,Horror,Horror
1977,Horror,Horror
1978,Horror,Horror
1979,Horror,Horror
1980,Horror,Horror
1981,Horror,Horror
1982,Horror,Horror
1983,Horror,Horror
1984,Horror,Horror
1985,Horror,Horror
1986,Horror,Horror
1987,Horror,Horror
1988,Horror,Horror
1989,Horror,Horror
1990,Horror,Horror
1991,Horror,Horror
1992,Horror,Horror
1993,Horror,Horror
1994,Horror|Thriller,Horror|Thriller
1995,Horror|Thriller,Horror|Thriller
1996,Horror|Thriller,Horror|Thriller
1997,Horror,Horror
1998,Horror,Horror
1999,Horror,Horror
2000,Action|Comedy|Crime|Drama,Action|Comedy|Crime|Drama
2001,Action|Comedy|Crime|Drama,Action|Comedy|Crime|Drama
2002,Action|Comedy|Crime|Drama,Action|Comedy|Crime|Drama
2003,Comedy|Horror,Comedy|Horror
2004,Comedy|Horror,Comedy|Horror
2005,Adventure|Children's|Fantasy,Adventure|Children's|Fantasy
2006,Action|Adventure|Romance,Action|Adventure|Romance
2007,Comedy,Comedy
2008,Crime|Drama|Film-Noir,Crime|Drama|Film-Noir
2009,Sci-Fi|Thriller,Sci-Fi|Thriller
2010,Sci-Fi,Sci-Fi
2011,Comedy|Sci-Fi,Comedy|Sci-Fi
2012,Comedy|Sci-Fi|Western,Comedy|Sci-Fi|Western
2013,Action|Adventure,Action|Adventure
2014,Children's|Comedy,Children's|Comedy
2015,Children's|Comedy|Fantasy,Children's|Comedy|Fantasy
2016,Children's|Comedy|Western,Children's|Comedy|Western
2017,Children's|Fantasy|Musical,Children's|Fantasy|Musical
2018,Animation|Children's,Animation|Children's
2019,Action|Drama,Action|Drama
2020,Drama|Romance,Drama|Romance
2021,Fantasy|Sci-Fi,Fantasy|Sci-Fi
2022,Drama,Drama
2023,Action|Crime|Drama,Action|Crime|Drama
2024,Drama|Mystery,Drama|Mystery
2025,Drama|Romance,Drama|Romance
2026,Horror|Thriller,Horror|Thriller
2027,Comedy|Crime,Comedy|Crime
2028,Action|Drama|War,Action|Drama|War
2029,Comedy|Romance,Comedy|Romance
2030,Drama,Drama
2031,Children's|Comedy,Children's|Comedy
2032,Children's|Comedy,Children's|Comedy
2033,Animation|Children's,Animation|Children's
2034,Sci-Fi,Sci-Fi
2035,Children's|Comedy,Children's|Comedy
2036,Children's|Comedy,Children's|Comedy
2037,Adventure|Children's|Comedy,Adventure|Children's|Comedy
2038,Children's|Comedy|Sci-Fi,Children's|Comedy|Sci-Fi
2039,Adventure|Children's,Adventure|Children's
2040,Children's|Comedy,Children's|Comedy
2041,Action|Adventure|Children's|Comedy,Action|Adventure|Children's|Comedy
2042,Children's|Comedy,Children's|Comedy
2043,Adventure|Children's|Fantasy,Adventure|Children's|Fantasy
2044,Comedy,Comedy
2045,Adventure|Children's|Drama|Romance,Adventure|Children's|Drama|Romance
2046,Adventure|Children's|Sci-Fi,Adventure|Children's|Sci-Fi
2047,Children's,Children's
2048,Animation|Children's,Animation|Children's
2049,Comedy|Musical,Comedy|Musical
2050,Adventure|Children's|Comedy,Adventure|Children's|Comedy
2051,Adventure|Children's|Comedy,Adventure|Children's|Comedy
2052,Children's|Comedy,Children's|Comedy
2053,Children's|Comedy|Sci-Fi,Children's|Comedy|Sci-Fi
2054,Adventure|Children's|Comedy|Fantasy|Sci-Fi,Adventure|Children's|Comedy|Fantasy|Sci-Fi
2055,Comedy|Western,Comedy|Western
2056,Adventure|Children's,Adventure|Children's
2057,Adventure|Children's,Adventure|Children's
2058,Action|Thriller,Action|Thriller
2059,Children's|Drama,Children's|Drama
2060,Comedy,Comedy
2061,Documentary,Documentary
2062,Drama|Romance,Drama|Romance
2063,Drama|Romance,Drama|Romance
2064,Comedy|Documentary,Comedy|Documentary
2065,Comedy|Drama|Romance,Comedy|Drama|Romance
2066,Film-Noir,Film-Noir
2067,Drama|Romance|War,Drama|Romance|War
2068,Drama,Drama
2069,Drama,Drama
2070,Drama,Drama
2071,Drama,Drama
2072,Comedy,Comedy
2073,Comedy,Comedy
2074,Drama,Drama
2075,Drama|War,Drama|War
2076,Drama|Mystery,Drama|Mystery
2077,Adventure|Children's,Adventure|Children's
2078,Animation|Children's|Comedy|Musical,Animation|Children's|Comedy|Musical
2079,Children's|Drama,Children's|Drama
2080,Animation|Children's|Comedy|Musical|Romance,Animation|Children's|Comedy|Musical|Romance
2081,Animation|Children's|Comedy|Musical|Romance,Animation|Children's|Comedy|Musical|Romance
2082,Children's|Comedy,Children's|Comedy
2083,Children's|Musical,Children's|Musical
2084,Children's|Musical,Children's|Musical
2085,Animation|Children's,Animation|Children's
2086,Drama|Fantasy,Drama|Fantasy
2087,Animation|Children's|Fantasy|Musical,Animation|Children's|Fantasy|Musical
2088,Adventure|Comedy|Musical,Adventure|Comedy|Musical
2089,Animation|Children's,Animation|Children's
2090,Animation|Children's,Animation|Children's
2091,Children's|Sci-Fi,Children's|Sci-Fi
2092,Animation|Children's|Musical,Animation|Children's|Musical
2093,Adventure|Children's|Fantasy|Sci-Fi,Adventure|Children's|Fantasy|Sci-Fi
2094,Action|Adventure|Sci-Fi,Action|Adventure|Sci-Fi
2095,Children's|Comedy,Children's|Comedy
2096,Animation|Children's|Musical,Animation|Children's|Musical
2097,Children's|Horror,Children's|Horror
2098,Children's|Comedy,Children's|Comedy
2099,Adventure|Animation|Children's|Musical,Adventure|Animation|Children's|Musical
2100,Comedy|Fantasy|Romance,Comedy|Fantasy|Romance
2101,Adventure|Drama,Adventure|Drama
2102,Animation|Children's|Comedy|Musical,Animation|Children's|Comedy|Musical
2103,Adventure|Children's,Adventure|Children's
2104,Drama,Drama
2105,Action|Adventure|Fantasy|Sci-Fi,Action|Adventure|Fantasy|Sci-Fi
2106,Drama|War,Drama|War
2107,Horror|Thriller,Horror|Thriller
2108,Comedy|Romance,Comedy|Romance
2109,Comedy,Comedy
2110,Comedy|Crime|Thriller,Comedy|Crime|Thriller
2111,Comedy,Comedy
2112,Crime|Drama,Crime|Drama
2113,Horror|Thriller,Horror|Thriller
2114,Drama,Drama
2115,Action|Adventure,Action|Adventure
2116,Adventure|Animation|Children's|Sci-Fi,Adventure|Animation|Children's|Sci-Fi
2117,Drama|Sci-Fi,Drama|Sci-Fi
2118,Horror|Thriller,Horror|Thriller
2119,Horror,Horror
2120,Drama|Horror,Drama|Horror
2121,Horror|Thriller,Horror|Thriller
2122,Horror|Thriller,Horror|Thriller
2123,Animation|Children's,Animation|Children's
2124,Comedy,Comedy
2125,Drama|Romance,Drama|Romance
2126,Action|Crime|Mystery|Thriller,Action|Crime|Mystery|Thriller
2127,Drama|Romance,Drama|Romance
2128,Comedy,Comedy
2129,Documentary,Documentary
2130,Crime|Drama|Romance,Crime|Drama|Romance
2131,Drama,Drama
2132,Drama,Drama
2133,Adventure|Comedy,Adventure|Comedy
2134,Comedy,Comedy
2135,Adventure|Musical,Adventure|Musical
2136,Comedy,Comedy
2137,Animation|Children's,Animation|Children's
2138,Animation|Children's|Drama|Fantasy,Animation|Children's|Drama|Fantasy
2139,Animation|Children's,Animation|Children's
2140,Children's|Fantasy|Sci-Fi,Children's|Fantasy|Sci-Fi
2141,Animation|Children's|Comedy,Animation|Children's|Comedy
2142,Animation|Children's|Comedy,Animation|Children's|Comedy
2143,Adventure|Fantasy|Romance,Adventure|Fantasy|Romance
2144,Comedy,Comedy
2145,Comedy|Drama|Romance,Comedy|Drama|Romance
2146,Drama|Romance,Drama|Romance
2147,Drama,Drama
2148,Comedy|Horror,Comedy|Horror
2149,Comedy|Horror,Comedy|Horror
2150,Comedy,Comedy
2151,Comedy,Comedy
2152,Children's|Comedy,Children's|Comedy
2153,Action|Adventure,Action|Adventure
2154,Drama|Romance,Drama|Romance
2155,Comedy,Comedy
2156,Comedy|Drama,Comedy|Drama
2157,Romance,Romance
2158,Crime|Horror,Crime|Horror
2159,Crime|Horror,Crime|Horror
2160,Horror|Thriller,Horror|Thriller
2161,Adventure|Children's|Fantasy,Adventure|Children's|Fantasy
2162,Adventure|Children's|Fantasy,Adventure|Children's|Fantasy
2163,Comedy|Horror,Comedy|Horror
2164,Drama,Drama
2165,Drama,Drama
2166,Drama|Romance,Drama|Romance
2167,Action|Adventure|Horror,Action|Adventure|Horror
2168,Drama|Romance,Drama|Romance
2169,Comedy,Comedy
2170,Action|Comedy,Action|Comedy
2171,Comedy|Drama|Romance,Comedy|Drama|Romance
2172,Comedy,Comedy
2173,Adventure|Fantasy|Sci-Fi,Adventure|Fantasy|Sci-Fi
2174,Comedy|Fantasy,Comedy|Fantasy
2175,Drama|Romance,Drama|Romance
2176,Thriller,Thriller
2177,Comedy|Thriller,Comedy|Thriller
2178,Thriller,Thriller
2179,Thriller,Thriller
2180,Thriller,Thriller
2181,Thriller,Thriller
2182,Drama|Film-Noir|Thriller,Drama|Film-Noir|Thriller
2183,Thriller,Thriller
2184,Mystery|Thriller,Mystery|Thriller
2185,Thriller,Thriller
2186,Film-Noir|Thriller,Film-Noir|Thriller
2187,Mystery|Thriller,Mystery|Thriller
2188,Drama,Drama
2189,Animation,Animation
2190,Drama,Drama
2191,Comedy,Comedy
2192,Drama,Drama
2193,Action|Adventure|Fantasy,Action|Adventure|Fantasy
2194,Action|Crime|Drama,Action|Crime|Drama
2195,Comedy,Comedy
2196,Action,Action
2197,Drama,Drama
2198,Documentary,Documentary
2199,Crime|Drama,Crime|Drama
2200,Drama,Drama
2201,Drama,Drama
2202,Drama|Thriller|War,Drama|Thriller|War
2203,Film-Noir|Thriller,Film-Noir|Thriller
2204,Thriller,Thriller
2205,Comedy,Comedy
2206,Mystery|Thriller,Mystery|Thriller
2207,Drama,Drama
2208,Comedy|Mystery|Romance|Thriller,Comedy|Mystery|Romance|Thriller
2209,Crime|Thriller,Crime|Thriller
2210,Thriller,Thriller
2211,Thriller,Thriller
2212,Thriller,Thriller
2213,Comedy|Musical,Comedy|Musical
2214,Thriller,Thriller
2215,Comedy|Romance,Comedy|Romance
2216,Drama,Drama
2217,Comedy|Musical,Comedy|Musical
2218,Drama,Drama
2219,Mystery|Thriller,Mystery|Thriller
2220,Drama,Drama
2221,Thriller,Thriller
2222,Comedy,Comedy
2223,Comedy,Comedy
2224,Drama,Drama
2225,Drama,Drama
2226,Drama,Drama
2227,Thriller,Thriller
2228,Drama,Drama
2229,Drama,Drama
2230,Comedy,Comedy
2231,Crime|Drama,Crime|Drama
2232,Sci-Fi|Thriller,Sci-Fi|Thriller
2233,Drama,Drama
2234,Drama,Drama
2235,Drama|War,Drama|War
2236,Drama,Drama
2237,Drama,Drama
2238,Comedy|Drama,Comedy|Drama
2239,Comedy|Drama,Comedy|Drama
2240,Drama,Drama
2241,Comedy,Comedy
2242,Drama,Drama
2243,Comedy|Drama|Romance,Comedy|Drama|Romance
2244,Comedy|Romance,Comedy|Romance
2245,Comedy|Drama,Comedy|Drama
2246,Comedy,Comedy
2247,Comedy,Comedy
2248,Comedy|Drama|Romance,Comedy|Drama|Romance
2249,Comedy,Comedy
2250,Drama,Drama
2251,Comedy,Comedy
2252,Comedy|Drama,Comedy|Drama
2253,Action|Comedy|Fantasy,Action|Comedy|Fantasy
2254,Drama,Drama
2255,Comedy,Comedy
2256,Horror|Sci-Fi,Horror|Sci-Fi
2257,Comedy|Romance,Comedy|Romance
2258,Action,Action
2259,Comedy|Romance,Comedy|Romance
2260,Action|Crime,Action|Crime
2261,Comedy,Comedy
2262,Comedy|Drama|Romance,Comedy|Drama|Romance
2263,Thriller,Thriller
2264,Drama,Drama
2265,Adventure|Comedy,Adventure|Comedy
2266,Comedy|Romance,Comedy|Romance
2267,Mystery|Thriller,Mystery|Thriller
2268,Crime|Drama,Crime|Drama
2269,Drama,Drama
2270,Documentary,Documentary
2271,Drama,Drama
2272,Drama,Drama
2273,Action|Thriller,Action|Thriller
2274,Drama,Drama
2275,Action|Adventure|Sci-Fi,Action|Adventure|Sci-Fi
2276,Drama,Drama
2277,Drama,Drama
2278,Action|Crime|Thriller,Action|Crime|Thriller
2279,Horror|Thriller,Horror|Thriller
2280,Crime,Crime
2281,Crime,Crime
2282,Comedy|Drama,Comedy|Drama
2283,Drama,Drama
2284,Drama,Drama
2285,Drama,Drama
2286,Comedy,Comedy
2287,Sci-Fi|Thriller|War,Sci-Fi|Thriller|War
2288,Action|Horror|Sci-Fi|Thriller,Action|Horror|Sci-Fi|Thriller
2289,Comedy|Drama,Comedy|Drama
2290,Comedy|Drama,Comedy|Drama
2291,Drama|Romance,Drama|Romance
2292,Romance,Romance
2293,Drama,Drama
2294,Animation|Children's,Animation|Children's
2295,Comedy,Comedy
2296,Comedy,Comedy
2297,Drama|Romance,Drama|Romance
2298,Thriller,Thriller
2299,Comedy,Comedy
2300,Comedy|Musical,Comedy|Musical
2301,Comedy,Comedy
2302,Comedy,Comedy
2303,Drama|Musical,Drama|Musical
2304,Drama,Drama
2305,Drama,Drama
2306,Comedy,Comedy
2307,Action|Drama,Action|Drama
2308,Action|Crime,Action|Crime
2309,Drama,Drama
2310,Drama,Drama
2311,Mystery|Sci-Fi,Mystery|Sci-Fi
2312,Drama,Drama
2313,Drama,Drama
2314,Drama,Drama
2315,Horror|Thriller,Horror|Thriller
2316,Drama|Romance,Drama|Romance
2317,Comedy,Comedy
2318,Comedy,Comedy
2319,Comedy,Comedy
2320,Drama|Thriller,Drama|Thriller
2321,Comedy,Comedy
2322,Action|Adventure|Sci-Fi|Thriller|War,Action|Adventure|Sci-Fi|Thriller|War
2323,Documentary,Documentary
2324,Comedy|Drama,Comedy|Drama
2325,Comedy,Comedy
2326,Drama|Thriller,Drama|Thriller
2327,Horror,Horror
2328,Horror,Horror
2329,Drama,Drama
2330,Documentary,Documentary
2331,Comedy|Romance,Comedy|Romance
2332,Crime|Drama,Crime|Drama
2333,Drama,Drama
2334,Action|Thriller,Action|Thriller
2335,Comedy,Comedy
2336,Drama,Drama
2337,Drama,Drama
2338,Horror|Mystery|Thriller,Horror|Mystery|Thriller
2339,Comedy|Romance,Comedy|Romance
2340,Romance,Romance
2341,Drama,Drama
2342,Comedy,Comedy
2343,Drama,Drama
2344,Action|Adventure|Drama|Thriller,Action|Adventure|Drama|Thriller
2345,Drama,Drama
2346,Sci-Fi|Thriller,Sci-Fi|Thriller
2347,Action,Action
2348,Drama,Drama
2349,Comedy|Thriller,Comedy|Thriller
2350,Comedy,Comedy
2351,Drama,Drama
2352,Comedy|Drama,Comedy|Drama
2353,Action|Thriller,Action|Thriller
2354,Animation|Children's|Comedy,Animation|Children's|Comedy
2355,Animation|Children's|Comedy,Animation|Children's|Comedy
2356,Comedy,Comedy
2357,Drama,Drama
2358,Drama,Drama
2359,Comedy,Comedy
2360,Drama,Drama
2361,Comedy,Comedy
2362,Drama,Drama
2363,Action|Sci-Fi,Action|Sci-Fi
2364,Action|Sci-Fi,Action|Sci-Fi
2365,Action|Sci-Fi,Action|Sci-Fi
2366,Action|Adventure|Horror,Action|Adventure|Horror
2367,Action|Adventure|Horror,Action|Adventure|Horror
2368,Action|Adventure|Horror,Action|Adventure|Horror
2369,Comedy|Romance,Comedy|Romance
2370,Action|Adventure|Drama,Action|Adventure|Drama
2371,Comedy,Comedy
2372,Comedy,Comedy
2373,Action|Adventure,Action|Adventure
2374,Comedy|Drama,Comedy|Drama
2375,Comedy,Comedy
2376,Action,Action
2377,Horror|Sci-Fi,Horror|Sci-Fi
2378,Comedy,Comedy
2379,Comedy,Comedy
2380,Comedy,Comedy
2381,Comedy,Comedy
2382,Comedy,Comedy
2383,Comedy,Comedy
2384,Children's|Comedy,Children's|Comedy
2385,Comedy|Romance,Comedy|Romance
2386,Drama,Drama
2387,Comedy|Crime,Comedy|Crime
2388,Drama|Romance,Drama|Romance
2389,Crime|Horror|Thriller,Crime|Horror|Thriller
2390,Comedy,Comedy
2391,Crime|Thriller,Crime|Thriller
2392,Comedy|Drama,Comedy|Drama
2393,Action|Sci-Fi,Action|Sci-Fi
2394,Animation|Musical,Animation|Musical
2395,Comedy,Comedy
2396,Comedy|Romance,Comedy|Romance
2397,Drama,Drama
2398,Drama,Drama
2399,Adventure|Children's|Fantasy,Adventure|Children's|Fantasy
2400,Children's|Drama,Children's|Drama
2401,Western,Western
2402,Action|War,Action|War
2403,Action,Action
2404,Action|War,Action|War
2405,Action|Adventure|Comedy|Romance,Action|Adventure|Comedy|Romance
2406,Action|Adventure|Comedy|Romance,Action|Adventure|Comedy|Romance
2407,Comedy|Sci-Fi,Comedy|Sci-Fi
2408,Comedy|Sci-Fi,Comedy|Sci-Fi
2409,Action|Drama,Action|Drama
2410,Action|Drama,Action|Drama
2411,Action|Drama,Action|Drama
2412,Action|Drama,Action|Drama
2413,Comedy|Mystery,Comedy|Mystery
2414,Action|Adventure|Mystery,Action|Adventure|Mystery
2415,Drama|Romance,Drama|Romance
2416,Comedy,Comedy
2417,Comedy|Drama,Comedy|Drama
2418,Comedy,Comedy
2419,Drama|Thriller,Drama|Thriller
2420,Drama,Drama
2421,Action|Adventure|Drama,Action|Adventure|Drama
2422,Action|Adventure|Drama,Action|Adventure|Drama
2423,Comedy,Comedy
2424,Comedy|Romance,Comedy|Romance
2425,Crime,Crime
2426,Comedy|Drama|Romance,Comedy|Drama|Romance
2427,Action|Drama|War,Action|Drama|War
2428,Horror|Sci-Fi,Horror|Sci-Fi
2429,Adventure|Children's|Drama,Adventure|Children's|Drama
2430,Adventure|Children's|Drama,Adventure|Children's|Drama
2431,Comedy|Drama,Comedy|Drama
2432,Drama,Drama
2433,Drama,Drama
2434,Drama,Drama
2435,Drama,Drama
2436,Comedy,Comedy
2437,Drama,Drama
2438,Drama|Thriller,Drama|Thriller
2439,Drama,Drama
2440,Drama,Drama
2441,Drama|Western,Drama|Western
2442,Drama,Drama
2443,Drama|Romance,Drama|Romance
2444,Comedy|Drama,Comedy|Drama
2445,Drama,Drama
2446,Thriller,Thriller
2447,Comedy|Drama,Comedy|Drama
2448,Horror|Sci-Fi,Horror|Sci-Fi
2449,Adventure|Children's,Adventure|Children's
2450,Adventure|Children's|Sci-Fi,Adventure|Children's|Sci-Fi
2451,Horror,Horror
2452,Horror,Horror
2453,Drama|Fantasy,Drama|Fantasy
2454,Horror|Sci-Fi,Horror|Sci-Fi
2455,Horror|Sci-Fi,Horror|Sci-Fi
2456,Horror|Sci-Fi,Horror|Sci-Fi
2457,Action|Comedy,Action|Comedy
2458,Comedy|Crime,Comedy|Crime
2459,Horror,Horror
2460,Horror,Horror
2461,Horror,Horror
2462,Horror,Horror
2463,Comedy,Comedy
2464,Horror,Horror
2465,Horror,Horror
2466,Drama,Drama
2467,Mystery,Mystery
2468,Action|Comedy|Romance|Thriller,Action|Comedy|Romance|Thriller
2469,Comedy|Romance,Comedy|Romance
2470,Adventure|Comedy,Adventure|Comedy
2471,Adventure|Comedy,Adventure|Comedy
2472,Comedy,Comedy
2473,Comedy,Comedy
2474,Drama,Drama
2475,Action|Mystery|Thriller,Action|Mystery|Thriller
2476,Action|War,Action|War
2477,Adventure,Adventure
2478,Comedy|Western,Comedy|Western
2479,Drama|Thriller,Drama|Thriller
2480,Drama,Drama
2481,Drama|Romance,Drama|Romance
2482,Comedy|Romance,Comedy|Romance
2483,Comedy|Horror|Thriller,Comedy|Horror|Thriller
2484,Comedy,Comedy
2485,Comedy|Romance,Comedy|Romance
2486,Drama,Drama
2487,Action|Comedy,Action|Comedy
2488,Drama|Horror|Thriller,Drama|Horror|Thriller
2489,Drama,Drama
2490,Action|Thriller,Action|Thriller
2491,Comedy|Romance,Comedy|Romance
2492,Comedy,Comedy
2493,Drama,Drama
2494,Documentary,Documentary
2495,Animation|Sci-Fi,Animation|Sci-Fi
2496,Comedy|Romance,Comedy|Romance
2497,Romance,Romance
2498,Comedy|Sci-Fi,Comedy|Sci-Fi
2499,Comedy,Comedy
2500,Comedy,Comedy
2501,Drama,Drama
2502,Comedy|Romance,Comedy|Romance
2503,Drama,Drama
2504,Comedy|Drama,Comedy|Drama
2505,Thriller,Thriller
2506,Comedy|Drama|Romance,Comedy|Drama|Romance
2507,Comedy,Comedy
2508,Drama,Drama
2509,Comedy,Comedy
2510,Comedy|Romance,Comedy|Romance
2511,Crime,Crime
2512,Drama,Drama
2513,Horror,Horror
2514,Horror,Horror
2515,Horror,Horror
2516,Horror,Horror
2517,Horror,Horror
2518,Comedy,Comedy
2519,Horror,Horror
2520,Drama,Drama
2521,Drama,Drama
2522,Drama,Drama
2523,Drama|Thriller,Drama|Thriller
2524,Action|Drama,Action|Drama
2525,Action|Horror|Sci-Fi,Action|Horror|Sci-Fi
2526,Sci-Fi,Sci-Fi
2527,Action|Sci-Fi|Thriller|Western,Action|Sci-Fi|Thriller|Western
2528,Action|Adventure|Sci-Fi,Action|Adventure|Sci-Fi
2529,Action|Sci-Fi,Action|Sci-Fi
2530,Action|Sci-Fi,Action|Sci-Fi
2531,Action|Sci-Fi,Action|Sci-Fi
2532,Action|Sci-Fi,Action|Sci-Fi
2533,Action|Sci-Fi,Action|Sci-Fi
2534,Action,Action
2535,Action,Action
2536,Drama,Drama
2537,Adventure,Adventure
2538,Documentary,Documentary
2539,Comedy,Comedy
2540,Action|Crime|Drama|Thriller,Action|Crime|Drama|Thriller
2541,Drama,Drama
2542,Comedy|Crime|Thriller,Comedy|Crime|Thriller
2543,Comedy,Comedy
2544,Drama,Drama
2545,Comedy,Comedy
2546,Drama,Drama
2547,Drama,Drama
2548,Horror,Horror
2549,Action|Sci-Fi,Action|Sci-Fi
2550,Horror|Thriller,Horror|Thriller
2551,Drama|Thriller,Drama|Thriller
2552,Comedy,Comedy
2553,Horror|Sci-Fi|Thriller,Horror|Sci-Fi|Thriller
2554,Horror|Sci-Fi|Thriller,Horror|Sci-Fi|Thriller
2555,Comedy,Comedy
2556,Comedy|Drama|Romance,Comedy|Drama|Romance
2557,Drama,Drama
2558,Comedy|Romance,Comedy|Romance
2559,Animation|Children's,Animation|Children's
2560,Drama|Horror,Drama|Horror
2561,Crime|Thriller,Crime|Thriller
2562,Drama,Drama
2563,Drama,Drama
2564,Drama,Drama
2565,Musical,Musical
2566,Animation|Children's,Animation|Children's
2567,Comedy,Comedy
2568,Action|Crime,Action|Crime
2569,Drama|Romance,Drama|Romance
2570,Drama|Romance,Drama|Romance
2571,Action|Sci-Fi|Thriller,Action|Sci-Fi|Thriller
2572,Comedy|Romance,Comedy|Romance
2573,Drama,Drama
2574,Comedy,Comedy
2575,Drama,Drama
2576,Drama,Drama
2577,Comedy|Drama,Comedy|Drama
2578,Sci-Fi,Sci-Fi
2579,Drama,Drama
2580,Crime,Crime
2581,Comedy|Romance,Comedy|Romance
2582,Action|Comedy,Action|Comedy
2583,Mystery,Mystery
2584,Comedy,Comedy
2585,Drama|Romance,Drama|Romance
2586,Comedy|Crime|Thriller,Comedy|Crime|Thriller
2587,Comedy,Comedy
2588,Drama,Drama
2589,Comedy|Drama|Romance,Comedy|Drama|Romance
2590,Drama,Drama
2591,Comedy|Romance,Comedy|Romance
2592,Drama,Drama
2593,Comedy,Comedy
2594,Drama|Romance|Sci-Fi,Drama|Romance|Sci-Fi
2595,Documentary,Documentary
2596,Comedy|Drama,Comedy|Drama
2597,Comedy|Romance,Comedy|Romance
2598,Comedy,Comedy
2599,Comedy,Comedy
2600,Action|Sci-Fi|Thriller,Action|Sci-Fi|Thriller
2601,Comedy,Comedy
2602,Adventure|Sci-Fi,Adventure|Sci-Fi
2603,Drama,Drama
2604,Documentary,Documentary
2605,Crime|Thriller,Crime|Thriller
2606,Comedy|Horror,Comedy|Horror
2607,Drama,Drama
2608,Thriller,Thriller
2609,Drama,Drama
2610,Drama,Drama
2611,Drama,Drama
2612,Drama,Drama
2613,Action|Horror|Sci-Fi,Action|Horror|Sci-Fi
2614,Action|Horror|Sci-Fi,Action|Horror|Sci-Fi
2615,Adventure|Sci-Fi,Adventure|Sci-Fi
2616,Action|Crime,Action|Crime
2617,Action|Adventure|Horror|Thriller,Action|Adventure|Horror|Thriller
2618,Comedy,Comedy
2619,Drama,Drama
2620,Drama|Romance,Drama|Romance
2621,Drama|Romance,Drama|Romance
2622,Comedy|Fantasy,Comedy|Fantasy
2623,Comedy,Comedy
2624,Drama,Drama
2625,Action,Action
2626,Comedy|Drama|Romance,Comedy|Drama|Romance
2627,Documentary|Drama,Documentary|Drama
2628,Action|Adventure|Fantasy|Sci-Fi,Action|Adventure|Fantasy|Sci-Fi
2629,Comedy|Romance,Comedy|Romance
2630,Drama,Drama
2631,Comedy|Film-Noir|Thriller,Comedy|Film-Noir|Thriller
2632,Drama,Drama
2633,Horror|Romance,Horror|Romance
2634,Horror,Horror
2635,Horror,Horror
2636,Horror,Horror
2637,Horror,Horror
2638,Horror,Horror
2639,Drama,Drama
2640,Action|Adventure|Sci-Fi,Action|Adventure|Sci-Fi
2641,Action|Adventure|Sci-Fi,Action|Adventure|Sci-Fi
2642,Action|Adventure|Sci-Fi,Action|Adventure|Sci-Fi
2643,Action|Adventure|Sci-Fi,Action|Adventure|Sci-Fi
2644,Horror,Horror
2645,Horror,Horror
2646,Horror,Horror
2647,Horror,Horror
2648,Horror,Horror
2649,Horror,Horror
2650,Horror,Horror
2651,Horror,Horror
2652,Horror,Horror
2653,Horror,Horror
2654,Horror,Horror
2655,Horror,Horror
2656,Horror|Sci-Fi,Horror|Sci-Fi
2657,Comedy|Horror|Musical|Sci-Fi,Comedy|Horror|Musical|Sci-Fi
2658,Sci-Fi,Sci-Fi
2659,Comedy|Documentary,Comedy|Documentary
2660,Sci-Fi,Sci-Fi
2661,Sci-Fi,Sci-Fi
2662,Action|Sci-Fi|War,Action|Sci-Fi|War
2663,Sci-Fi,Sci-Fi
2664,Horror|Sci-Fi,Horror|Sci-Fi
2665,Sci-Fi,Sci-Fi
2666,Sci-Fi,Sci-Fi
2667,Sci-Fi,Sci-Fi
2668,Horror|Sci-Fi,Horror|Sci-Fi
2669,War,War
2670,War,War
2671,Comedy|Romance,Comedy|Romance
2672,Drama|Sci-Fi|Thriller,Drama|Sci-Fi|Thriller
2673,Drama,Drama
2674,Drama,Drama
2675,Comedy|Drama|Romance,Comedy|Drama|Romance
2676,Drama|Thriller,Drama|Thriller
2677,Documentary,Documentary
2678,Drama,Drama
2679,Drama|Romance,Drama|Romance
2680,Drama,Drama
2681,Comedy|Romance|Sci-Fi,Comedy|Romance|Sci-Fi
2682,Drama,Drama
2683,Comedy,Comedy
2684,Comedy|Drama,Comedy|Drama
2685,Comedy|Drama,Comedy|Drama
2686,Drama|Mystery,Drama|Mystery
2687,Animation|Children's,Animation|Children's
2688,Drama|Thriller,Drama|Thriller
2689,Documentary,Documentary
2690,Comedy,Comedy
2691,Drama,Drama
2692,Action|Crime|Romance,Action|Crime|Romance
2693,Documentary,Documentary
2694,Comedy,Comedy
2695,Drama,Drama
2696,Comedy,Comedy
2697,Comedy|Drama|Romance,Comedy|Drama|Romance
2698,Sci-Fi,Sci-Fi
2699,Action|Comedy|Sci-Fi|Thriller,Action|Comedy|Sci-Fi|Thriller
2700,Animation|Comedy,Animation|Comedy
2701,Action|Sci-Fi|Western,Action|Sci-Fi|Western
2702,Drama,Drama
2703,Drama,Drama
2704,Drama|Romance,Drama|Romance
2705,Drama,Drama
2706,Comedy,Comedy
2707,Thriller,Thriller
2708,Romance,Romance
2709,Children's|Comedy,Children's|Comedy
2710,Horror,Horror
2711,Drama,Drama
2712,Drama,Drama
2713,Horror|Thriller,Horror|Thriller
2714,Drama,Drama
2715,Comedy|Romance,Comedy|Romance
2716,Comedy|Horror,Comedy|Horror
2717,Comedy|Horror,Comedy|Horror
2718,Comedy,Comedy
2719,Horror|Thriller,Horror|Thriller
2720,Action|Adventure|Children's|Comedy,Action|Adventure|Children's|Comedy
2721,Romance,Romance
2722,Action|Sci-Fi|Thriller,Action|Sci-Fi|Thriller
2723,Action|Adventure|Comedy,Action|Adventure|Comedy
2724,Comedy|Romance,Comedy|Romance
2725,Drama,Drama
2726,Crime|Film-Noir,Crime|Film-Noir
2727,Film-Noir,Film-Noir
2728,Drama,Drama
2729,Drama,Drama
2730,Drama,Drama
2731,Drama,Drama
2732,Drama,Drama
2733,Adventure|Comedy,Adventure|Comedy
2734,Drama,Drama
2735,Action|Adventure|Comedy,Action|Adventure|Comedy
2736,Comedy,Comedy
2737,Action,Action
2738,Comedy|Drama,Comedy|Drama
2739,Drama,Drama
2740,Horror,Horror
2741,Action|Thriller,Action|Thriller
2742,Comedy|Drama,Comedy|Drama
2743,Drama,Drama
2744,Drama,Drama
2745,Drama,Drama
2746,Comedy|Horror|Musical,Comedy|Horror|Musical
2747,Comedy|Horror,Comedy|Horror
2748,Action|Adventure,Action|Adventure
2749,Drama|Mystery,Drama|Mystery
2750,Comedy|Drama,Comedy|Drama
2751,Comedy,Comedy
2752,Comedy|Mystery,Comedy|Mystery
2753,Thriller,Thriller
2754,Horror,Horror
2755,Drama,Drama
2756,Action,Action
2757,Drama,Drama
2758,Drama,Drama
2759,Comedy,Comedy
2760,Drama,Drama
2761,Animation|Children's,Animation|Children's
2762,Thriller,Thriller
2763,Action|Thriller,Action|Thriller
2764,Crime|Drama|Thriller,Crime|Drama|Thriller
2765,Comedy|Drama,Comedy|Drama
2766,Comedy|Drama,Comedy|Drama
2767,Comedy,Comedy
2768,Comedy,Comedy
2769,Crime|Mystery,Crime|Mystery
2770,Comedy,Comedy
2771,Drama,Drama
2772,Comedy,Comedy
2773,Drama,Drama
2774,Comedy|Romance,Comedy|Romance
2775,Drama,Drama
2776,Documentary,Documentary
2777,Drama,Drama
2778,Thriller,Thriller
2779,Comedy,Comedy
2780,Comedy|Horror,Comedy|Horror
2781,Horror,Horror
2782,Horror,Horror
2783,Horror,Horror
2784,Horror,Horror
2785,Horror,Horror
2786,Comedy,Comedy
2787,Horror,Horror
2788,Comedy,Comedy
2789,Horror,Horror
2790,Horror,Horror
2791,Comedy,Comedy
2792,Comedy,Comedy
2793,Comedy|Horror,Comedy|Horror
2794,Comedy,Comedy
2795,Comedy,Comedy
2796,Comedy,Comedy
2797,Comedy|Fantasy,Comedy|Fantasy
2798,Comedy,Comedy
2799,Comedy,Comedy
2800,Animation|Children's,Animation|Children's
2801,Drama|Romance,Drama|Romance
2802,Action|Romance|Thriller,Action|Romance|Thriller
2803,Thriller,Thriller
2804,Comedy|Drama,Comedy|Drama
2805,Comedy|Romance,Comedy|Romance
2806,Comedy|Thriller,Comedy|Thriller
2807,Action|Sci-Fi,Action|Sci-Fi
2808,Action|Sci-Fi,Action|Sci-Fi
2809,Comedy,Comedy
2810,Animation|Mystery,Animation|Mystery
2811,Comedy,Comedy
2812,Action|Thriller,Action|Thriller
2813,Documentary,Documentary
2814,Horror,Horror
2815,Action|War,Action|War
2816,Action|War,Action|War
2817,Action|War,Action|War
2818,Action|War,Action|War
2819,Thriller,Thriller
2820,Drama,Drama
2821,Adventure|Drama,Adventure|Drama
2822,Adventure|Romance,Adventure|Romance
2823,Action|Drama,Action|Drama
2824,Documentary,Documentary
2825,Drama,Drama
2826,Action|Horror|Thriller,Action|Horror|Thriller
2827,Sci-Fi|Thriller,Sci-Fi|Thriller
2828,Children's|Comedy,Children's|Comedy
2829,Comedy|Drama,Comedy|Drama
2830,Drama,Drama
2831,Drama,Drama
2832,Drama,Drama
2833,Romance|War,Romance|War
2834,Comedy|Romance,Comedy|Romance
2835,Action|Thriller,Action|Thriller
2836,Comedy,Comedy
2837,Comedy|Romance,Comedy|Romance
2838,Comedy,Comedy
2839,Drama,Drama
2840,Thriller,Thriller
2841,Thriller,Thriller
2842,Crime|Drama,Crime|Drama
2843,Comedy|Romance,Comedy|Romance
2844,Drama|Mystery,Drama|Mystery
2845,Drama,Drama
2846,Children's,Children's
2847,Drama,Drama
2848,Drama,Drama
2849,Comedy|Drama,Comedy|Drama
2850,Drama|Thriller,Drama|Thriller
2851,Adventure|Sci-Fi|Thriller,Adventure|Sci-Fi|Thriller
2852,Drama,Drama
2853,Horror,Horror
2854,Horror,Horror
2855,Horror,Horror
2856,Thriller,Thriller
2857,Animation|Musical,Animation|Musical
2858,Comedy|Drama,Comedy|Drama
2859,Documentary,Documentary
2860,Comedy,Comedy
2861,Comedy|Drama,Comedy|Drama
2862,Drama,Drama
2863,Comedy|Musical,Comedy|Musical
2864,Comedy,Comedy
2865,Comedy,Comedy
2866,Drama,Drama
2867,Comedy|Horror,Comedy|Horror
2868,Horror,Horror
2869,Drama,Drama
2870,Comedy,Comedy
2871,Adventure|Thriller,Adventure|Thriller
2872,Action|Drama|Fantasy|Romance,Action|Drama|Fantasy|Romance
2873,Drama|Mystery|Romance,Drama|Mystery|Romance
2874,Comedy,Comedy
2875,Drama|Mystery|Romance,Drama|Mystery|Romance
2876,Animation|Children's,Animation|Children's
2877,Drama|Musical,Drama|Musical
2878,Horror,Horror
2879,Action|Adventure|Comedy,Action|Adventure|Comedy
2880,Action|Adventure|Comedy,Action|Adventure|Comedy
2881,Action|Thriller,Action|Thriller
2882,Drama,Drama
2883,Comedy,Comedy
2884,Comedy|Romance,Comedy|Romance
2885,Drama|Romance,Drama|Romance
2886,Children's|Comedy,Children's|Comedy
2887,Drama,Drama
2888,Comedy|Romance,Comedy|Romance
2889,Comedy,Comedy
2890,Drama|War,Drama|War
2891,Comedy,Comedy
2892,Action|Drama,Action|Drama
2893,Action|Drama,Action|Drama
2894,Drama|Romance,Drama|Romance
2895,Adventure,Adventure
2896,Western,Western
2897,Comedy|War,Comedy|War
2898,Horror|Mystery,Horror|Mystery
2899,Adventure|Animation|Children's,Adventure|Animation|Children's
2900,Horror|Sci-Fi,Horror|Sci-Fi
2901,Horror|Sci-Fi,Horror|Sci-Fi
2902,Horror|Thriller,Horror|Thriller
2903,Horror|Thriller,Horror|Thriller
2904,Drama,Drama
2905,Action|Adventure,Action|Adventure
2906,Drama|Romance,Drama|Romance
2907,Comedy,Comedy
2908,Drama,Drama
2909,Documentary,Documentary
2910,Drama|Romance,Drama|Romance
2911,Drama,Drama
2912,Action|Crime|Drama,Action|Crime|Drama
2913,Comedy,Comedy
2914,Comedy|Drama,Comedy|Drama
2915,Comedy,Comedy
2916,Action|Adventure|Sci-Fi|Thriller,Action|Adventure|Sci-Fi|Thriller
2917,Crime|Thriller,Crime|Thriller
2918,Comedy,Comedy
2919,Drama|Romance,Drama|Romance
2920,Drama|Romance,Drama|Romance
2921,Western,Western
2922,Western,Western
2923,Comedy,Comedy
2924,Action|Comedy,Action|Comedy
2925,Drama,Drama
2926,Comedy|Drama,Comedy|Drama
2927,Drama|Romance,Drama|Romance
2928,Drama,Drama
2929,Drama,Drama
2930,Documentary,Documentary
2931,Drama,Drama
2932,Drama,Drama
2933,Drama,Drama
2934,Musical,Musical
2935,Comedy|Romance,Comedy|Romance
2936,Comedy,Comedy
2937,Comedy,Comedy
2938,Drama,Drama
2939,Drama|Thriller,Drama|Thriller
2940,Film-Noir,Film-Noir
2941,Musical|Romance|War,Musical|Romance|War
2942,Drama|Romance,Drama|Romance
2943,Drama|Romance,Drama|Romance
2944,Action|War,Action|War
2945,Mystery,Mystery
2946,Comedy|Musical,Comedy|Musical
2947,Action,Action
2948,Action,Action
2949,Action,Action
2950,Adventure|Drama|Romance,Adventure|Drama|Romance
2951,Action|Western,Action|Western
2952,Crime|Thriller,Crime|Thriller
2953,Children's|Comedy,Children's|Comedy
2954,Drama,Drama
2955,Drama,Drama
2956,Action|Crime|Thriller,Action|Crime|Thriller
2957,Drama,Drama
2958,Drama,Drama
2959,Drama,Drama
2960,Drama,Drama
2961,Comedy|Drama,Comedy|Drama
2962,Comedy|Romance,Comedy|Romance
2963,Crime|Drama,Crime|Drama
2964,Drama,Drama
2965,Action,Action
2966,Drama,Drama
2967,Drama|Thriller,Drama|Thriller
2968,Adventure|Fantasy|Sci-Fi,Adventure|Fantasy|Sci-Fi
2969,Drama|Romance,Drama|Romance
2970,Adventure|Drama,Adventure|Drama
2971,Musical,Musical
2972,Drama|War,Drama|War
2973,Comedy,Comedy
2974,Horror|Thriller,Horror|Thriller
2975,Drama,Drama
2976,Drama|Horror,Drama|Horror
2977,Comedy|Drama,Comedy|Drama
2978,Comedy|Romance,Comedy|Romance
2979,Drama,Drama
2980,Drama,Drama
2981,Documentary,Documentary
2982,Horror|Thriller,Horror|Thriller
2983,Thriller,Thriller
2984,Documentary,Documentary
2985,Action|Crime|Sci-Fi,Action|Crime|Sci-Fi
2986,Action|Crime|Sci-Fi,Action|Crime|Sci-Fi
2987,Adventure|Animation|Film-Noir,Adventure|Animation|Film-Noir
2988,Drama,Drama
2989,Action,Action
2990,Action,Action
2991,Action,Action
2992,Horror|Thriller,Horror|Thriller
2993,Action,Action
2994,Drama,Drama
2995,Horror,Horror
2996,Drama,Drama
2997,Comedy,Comedy
2998,Romance,Romance
2999,Comedy,Comedy
3000,Action|Adventure|Animation,Action|Adventure|Animation
3001,Drama,Drama
3002,Documentary,Documentary
3003,Comedy|Drama,Comedy|Drama
3004,Comedy|Romance,Comedy|Romance
3005,Thriller,Thriller
3006,Drama,Drama
3007,Documentary,Documentary
3008,Thriller,Thriller
3009,Drama,Drama
3010,Drama,Drama
3011,Drama,Drama
3012,Comedy,Comedy
3013,Comedy|Horror,Comedy|Horror
3014,Comedy,Comedy
3015,Thriller,Thriller
3016,Horror,Horror
3017,Horror,Horror
3018,Horror,Horror
3019,Crime|Drama,Crime|Drama
3020,Action|Drama,Action|Drama
3021,Horror,Horror
3022,Comedy,Comedy
3023,Comedy|Romance,Comedy|Romance
3024,Horror|Sci-Fi,Horror|Sci-Fi
3025,Western,Western
3026,Horror,Horror
3027,Horror,Horror
3028,Comedy,Comedy
3029,Action|Drama,Action|Drama
3030,Comedy|Drama|Western,Comedy|Drama|Western
3031,Comedy,Comedy
3032,Sci-Fi,Sci-Fi
3033,Comedy|Sci-Fi,Comedy|Sci-Fi
3034,Animation|Children's,Animation|Children's
3035,Comedy|Drama|War,Comedy|Drama|War
3036,Adventure,Adventure
3037,Comedy|Drama|Western,Comedy|Drama|Western
3038,Drama,Drama
3039,Comedy,Comedy
3040,Comedy,Comedy
3041,Comedy,Comedy
3042,Comedy,Comedy
3043,Comedy,Comedy
3044,Mystery|Romance|Thriller,Mystery|Romance|Thriller
3045,Comedy|Drama,Comedy|Drama
3046,Comedy|Romance,Comedy|Romance
3047,Drama,Drama
3048,Comedy,Comedy
3049,Comedy|War,Comedy|War
3050,Drama,Drama
3051,Drama,Drama
3052,Comedy,Comedy
3053,Drama|War,Drama|War
3054,Animation|Children's,Animation|Children's
3055,Thriller,Thriller
3056,Thriller,Thriller
3057,Comedy,Comedy
3058,Horror|Sci-Fi,Horror|Sci-Fi
3059,Drama,Drama
3060,Comedy|Drama,Comedy|Drama
3061,Comedy|Musical,Comedy|Musical
3062,Action|Drama|War,Action|Drama|War
3063,Thriller,Thriller
3064,Thriller,Thriller
3065,Drama,Drama
3066,War,War
3067,Comedy|Drama,Comedy|Drama
3068,Drama,Drama
3069,Drama,Drama
3070,Adventure|Comedy|Sci-Fi,Adventure|Comedy|Sci-Fi
3071,Drama,Drama
3072,Comedy,Comedy
3073,Drama|Romance,Drama|Romance
3074,Western,Western
3075,Thriller,Thriller
3076,Comedy,Comedy
3077,Documentary,Documentary
3078,Drama,Drama
3079,Drama,Drama
3080,Drama|Sci-Fi,Drama|Sci-Fi
3081,Horror|Romance,Horror|Romance
3082,Action|Thriller,Action|Thriller
3083,Comedy|Drama,Comedy|Drama
3084,Documentary,Documentary
3085,Horror,Horror
3086,Comedy,Comedy
3087,Comedy,Comedy
3088,Comedy,Comedy
3089,Drama,Drama
3090,Drama,Drama
3091,Drama|War,Drama|War
3092,Drama,Drama
3093,Drama|Western,Drama|Western
3094,Drama|Romance,Drama|Romance
3095,Drama,Drama
3096,Comedy,Comedy
3097,Comedy|Romance,Comedy|Romance
3098,Drama,Drama
3099,Comedy|Romance,Comedy|Romance
3100,Drama,Drama
3101,Thriller,Thriller
3102,Thriller,Thriller
3103,Drama|Romance,Drama|Romance
3104,Action|Adventure|Comedy|Crime,Action|Adventure|Comedy|Crime
3105,Drama,Drama
3106,Drama|Romance,Drama|Romance
3107,Action|Drama,Action|Drama
3108,Comedy|Drama|Romance,Comedy|Drama|Romance
3109,Drama,Drama
3110,Drama,Drama
3111,Drama,Drama
3112,Drama,Drama
3113,Action|Thriller,Action|Thriller
3114,Animation|Children's|Comedy,Animation|Children's|Comedy
3115,Drama,Drama
3116,Drama,Drama
3117,Drama|Romance|War,Drama|Romance|War
3118,Drama,Drama
3119,Horror,Horror
3120,Comedy,Comedy
3121,Film-Noir,Film-Noir
3122,Drama|Romance|Western,Drama|Romance|Western
3123,Comedy,Comedy
3124,Comedy|Drama,Comedy|Drama
3125,Drama,Drama
3126,Drama,Drama
3127,Drama,Drama
3128,Drama,Drama
3129,Comedy|Drama,Comedy|Drama
3130,Comedy,Comedy
3131,Comedy,Comedy
3132,Comedy,Comedy
3133,Comedy,Comedy
3134,Drama|War,Drama|War
3135,Drama,Drama
3136,Documentary,Documentary
3137,Action|War,Action|War
3138,Drama,Drama
3139,Action|Adventure,Action|Adventure
3140,Comedy,Comedy
3141,Drama,Drama
3142,Documentary|Musical,Documentary|Musical
3143,Drama|War,Drama|War
3144,Comedy|Romance,Comedy|Romance
3145,Drama,Drama
3146,Comedy,Comedy
3147,Drama|Thriller,Drama|Thriller
3148,Drama,Drama
3149,Mystery,Mystery
3150,Drama,Drama
3151,Crime|Drama|Mystery,Crime|Drama|Mystery
3152,Drama,Drama
3153,Action|Adventure|Fantasy,Action|Adventure|Fantasy
3154,Drama|War,Drama|War
3155,Drama|Romance,Drama|Romance
3156,Comedy|Drama|Sci-Fi,Comedy|Drama|Sci-Fi
3157,Children's|Comedy,Children's|Comedy
3158,Drama,Drama
3159,Animation|Children's|Musical,Animation|Children's|Musical
3160,Drama,Drama
3161,Drama,Drama
3162,Comedy|Drama,Comedy|Drama
3163,Drama,Drama
3164,Drama,Drama
3165,Action|Drama,Action|Drama
3166,Adventure,Adventure
3167,Drama,Drama
3168,Adventure|Drama,Adventure|Drama
3169,Drama,Drama
3170,Western,Western
3171,Drama,Drama
3172,Adventure,Adventure
3173,Drama,Drama
3174,Comedy|Drama,Comedy|Drama
3175,Adventure|Comedy|Sci-Fi,Adventure|Comedy|Sci-Fi
3176,Drama|Mystery|Thriller,Drama|Mystery|Thriller
3177,Comedy,Comedy
3178,Drama,Drama
3179,Drama,Drama
3180,Comedy|Drama,Comedy|Drama
3181,Drama,Drama
3182,Documentary,Documentary
3183,Drama,Drama
3184,Action|Comedy|Crime|Drama,Action|Comedy|Crime|Drama
3185,Drama,Drama
3186,Drama,Drama
3187,Drama,Drama
3188,Documentary,Documentary
3189,Comedy,Comedy
3190,Adventure|Sci-Fi,Adventure|Sci-Fi
3191,Drama,Drama
3192,Drama,Drama
3193,Documentary,Documentary
3194,Drama,Drama
3195,Drama,Drama
3196,Drama|War,Drama|War
3197,Action,Action
3198,Drama,Drama
3199,Comedy|Musical|Romance,Comedy|Musical|Romance
3200,Comedy|Drama,Comedy|Drama
3201,Drama,Drama
3202,Drama,Drama
3203,Thriller,Thriller
3204,Thriller,Thriller
3205,Horror,Horror
3206,Romance,Romance
3207,Adventure,Adventure
3208,Action|Comedy,Action|Comedy
3209,Drama,Drama
3210,Comedy,Comedy
3211,Drama,Drama
3212,Drama,Drama
3213,Animation|Children's,Animation|Children's
3214,Drama,Drama
3215,Drama,Drama
3216,Horror,Horror
3217,Drama,Drama
3218,Drama,Drama
3219,Thriller,Thriller
3220,Drama,Drama
3221,Drama,Drama
3222,Drama,Drama
3223,Drama,Drama
3224,Drama,Drama
3225,Comedy|Romance,Comedy|Romance
3226,Documentary,Documentary
3227,Comedy|Drama|Thriller,Comedy|Drama|Thriller
3228,Comedy,Comedy
3229,Crime|Drama,Crime|Drama
3230,Thriller,Thriller
3231,Comedy,Comedy
3232,Comedy,Comedy
3233,Comedy,Comedy
3234,Comedy,Comedy
3235,Comedy,Comedy
3236,Western,Western
3237,Documentary,Documentary
3238,Thriller,Thriller
3239,Comedy,Comedy
3240,Comedy,Comedy
3241,Comedy,Comedy
3242,Comedy,Comedy
3243,Comedy,Comedy
3244,Comedy|Romance,Comedy|Romance
3245,Drama,Drama
3246,Drama,Drama
3247,Comedy|Crime,Comedy|Crime
3248,Comedy,Comedy
3249,Thriller,Thriller
3250,Drama,Drama
3251,Drama|Mystery,Drama|Mystery
3252,Drama,Drama
3253,Comedy,Comedy
3254,Comedy,Comedy
3255,Comedy|Drama,Comedy|Drama
3256,Action|Thriller,Action|Thriller
3257,Action|Drama|Romance|Thriller,Action|Drama|Romance|Thriller
3258,Comedy,Comedy
3259,Drama|Romance,Drama|Romance
3260,Drama,Drama
3261,Comedy|Drama|Romance,Comedy|Drama|Romance
3262,Drama|Mystery,Drama|Mystery
3263,Comedy,Comedy
3264,Comedy|Horror,Comedy|Horror
3265,Action|Crime,Action|Crime
3266,Action|Comedy|Crime|Drama,Action|Comedy|Crime|Drama
3267,Action|Thriller,Action|Thriller
3268,Action|Comedy,Action|Comedy
3269,Adventure|Romance|Sci-Fi,Adventure|Romance|Sci-Fi
3270,Drama,Drama
3271,Drama,Drama
3272,Crime|Drama,Crime|Drama
3273,Horror|Mystery|Thriller,Horror|Mystery|Thriller
3274,Action,Action
3275,Action|Comedy,Action|Comedy
3276,Comedy,Comedy
3277,Drama,Drama
3278,Documentary,Documentary
3279,Action|Adventure,Action|Adventure
3280,Horror,Horror
3281,Documentary,Documentary
3282,Comedy,Comedy
3283,Action,Action
3284,Comedy|Romance,Comedy|Romance
3285,Adventure|Drama,Adventure|Drama
3286,Comedy,Comedy
3287,Animation|Children's,Animation|Children's
3288,Drama,Drama
3289,Drama,Drama
3290,Comedy,Comedy
3291,Thriller,Thriller
3292,Film-Noir,Film-Noir
3293,Drama|Sci-Fi,Drama|Sci-Fi
3294,Horror,Horror
3295,Drama,Drama
3296,Drama,Drama
3297,Documentary,Documentary
3298,Drama,Drama
3299,Comedy|Drama,Comedy|Drama
3300,Action|Sci-Fi,Action|Sci-Fi
3301,Comedy|Crime,Comedy|Crime
3302,Comedy,Comedy
3303,Documentary,Documentary
3304,Crime|Drama,Crime|Drama
3305,Film-Noir|Horror,Film-Noir|Horror
3306,Comedy,Comedy
3307,Comedy|Drama|Romance,Comedy|Drama|Romance
3308,Comedy|Drama,Comedy|Drama
3309,Comedy,Comedy
3310,Action,Action
3311,Western,Western
3312,Drama,Drama
3313,Comedy,Comedy
3314,Action|Drama,Action|Drama
3315,Musical,Musical
3316,Action|Thriller,Action|Thriller
3317,Comedy|Drama,Comedy|Drama
3318,Thriller,Thriller
3319,Drama,Drama
3320,Comedy|Romance,Comedy|Romance
3321,Comedy,Comedy
3322,Comedy,Comedy
3323,Comedy|Crime,Comedy|Crime
3324,Comedy,Comedy
3325,Comedy|Drama,Comedy|Drama
3326,Comedy|Sci-Fi,Comedy|Sci-Fi
3327,Documentary,Documentary
3328,Crime|Drama,Crime|Drama
3329,Drama,Drama
3330,Drama,Drama
3331,Drama,Drama
3332,Adventure|Children's,Adventure|Children's
3333,Drama,Drama
3334,Crime|Drama|Film-Noir|Thriller,Crime|Drama|Film-Noir|Thriller
3335,Crime|Drama,Crime|Drama
3336,Drama,Drama
3337,Comedy|Drama,Comedy|Drama
3338,Documentary,Documentary
3339,War,War
3340,Horror|Sci-Fi,Horror|Sci-Fi
3341,Comedy,Comedy
3342,Drama|War,Drama|War
3343,Comedy|Drama|Romance,Comedy|Drama|Romance
3344,Horror,Horror
3345,Adventure|Children's,Adventure|Children's
3346,Horror,Horror
3347,Drama,Drama
3348,Crime|Thriller,Crime|Thriller
3349,Comedy,Comedy
3350,Drama,Drama
3351,Horror,Horror
3352,Drama,Drama
3353,Comedy|Romance,Comedy|Romance
3354,Sci-Fi,Sci-Fi
3355,Thriller,Thriller
3356,Documentary,Documentary
3357,Drama|Romance,Drama|Romance
3358,Comedy|Romance,Comedy|Romance
3359,Drama,Drama
3360,Drama,Drama
3361,Comedy,Comedy
3362,Comedy|Crime|Drama,Comedy|Crime|Drama
3363,Comedy|Drama,Comedy|Drama
3364,Crime|Film-Noir,Crime|Film-Noir
3365,Western,Western
3366,Action|Adventure|War,Action|Adventure|War
3367,War,War
3368,Romance|Western,Romance|Western
3369,Crime,Crime
3370,Drama|Thriller,Drama|Thriller
3371,Drama,Drama
3372,Action|War,Action|War
3373,Western,Western
3374,Drama,Drama
3375,Sci-Fi,Sci-Fi
3376,Romance,Romance
3377,Drama|War,Drama|War
3378,Drama,Drama
3379,Drama,Drama
3380,Film-Noir,Film-Noir
3381,Comedy|Drama,Comedy|Drama
3382,Drama,Drama
3383,Drama|Musical,Drama|Musical
3384,Action,Action
3385,Comedy,Comedy
3386,Drama|Mystery,Drama|Mystery
3387,Comedy,Comedy
3388,Comedy,Comedy
3389,Action|Adventure,Action|Adventure
3390,Adventure,Adventure
3391,Comedy,Comedy
3392,Comedy,Comedy
3393,Comedy|Fantasy,Comedy|Fantasy
3394,Comedy|Romance,Comedy|Romance
3395,Comedy,Comedy
3396,Children's|Comedy,Children's|Comedy
3397,Children's|Comedy,Children's|Comedy
3398,Children's|Comedy,Children's|Comedy
3399,Children's|Comedy,Children's|Comedy
3400,Animation|Children's,Animation|Children's
3401,Adventure|Sci-Fi,Adventure|Sci-Fi
3402,Drama,Drama
3403,Drama|Thriller,Drama|Thriller
3404,Action|Drama,Action|Drama
3405,Action|Drama,Action|Drama
3406,Action|Adventure|War,Action|Adventure|War
3407,Comedy|Drama,Comedy|Drama
3408,Drama,Drama
3409,Drama|Thriller,Drama|Thriller
3410,Comedy|Drama,Comedy|Drama
3411,Drama,Drama
3412,Adventure,Adventure
3413,Crime|Drama,Crime|Drama
3414,Romance,Romance
3415,Drama,Drama
3416,Drama,Drama
3417,Adventure|Comedy|Sci-Fi,Adventure|Comedy|Sci-Fi
3418,Action|Drama,Action|Drama
3419,Comedy|Crime,Comedy|Crime
3420,Drama|Thriller,Drama|Thriller
3421,Comedy,Comedy
3422,Comedy|Romance,Comedy|Romance
3423,Drama,Drama
3424,Comedy|Drama,Comedy|Drama
3425,Drama,Drama
3426,Drama|Romance,Drama|Romance
3427,Crime,Crime
3428,Drama,Drama
3429,Animation|Comedy,Animation|Comedy
3430,Action|Drama,Action|Drama
3431,Action|Drama,Action|Drama
3432,Action|Drama,Action|Drama
3433,Action|Drama,Action|Drama
3434,Action|Drama,Action|Drama
3435,Crime|Film-Noir,Crime|Film-Noir
3436,Drama|Romance,Drama|Romance
3437,Drama,Drama
3438,Action|Children's|Fantasy,Action|Children's|Fantasy
3439,Action|Children's|Fantasy,Action|Children's|Fantasy
3440,Action|Children's|Fantasy,Action|Children's|Fantasy
3441,Action|War,Action|War
3442,Action,Action
3443,Action|Drama|Thriller,Action|Drama|Thriller
3444,Action,Action
3445,Mystery|Thriller,Mystery|Thriller
3446,Comedy,Comedy
3447,Drama,Drama
3448,Comedy|Drama|War,Comedy|Drama|War
3449,Drama,Drama
3450,Comedy,Comedy
3451,Comedy|Drama,Comedy|Drama
3452,Action|Romance,Action|Romance
3453,Drama|Romance,Drama|Romance
3454,Comedy|Romance,Comedy|Romance
3455,Drama|Thriller,Drama|Thriller
3456,Drama,Drama
3457,Drama,Drama
3458,Drama|Romance,Drama|Romance
3459,Drama|Horror,Drama|Horror
3460,Comedy,Comedy
3461,Adventure|Drama|Thriller,Adventure|Drama|Thriller
3462,Comedy,Comedy
3463,Comedy,Comedy
3464,Sci-Fi|Thriller,Sci-Fi|Thriller
3465,Drama,Drama
3466,Comedy|Fantasy,Comedy|Fantasy
3467,Drama|Western,Drama|Western
3468,Drama,Drama
3469,Drama,Drama
3470,Adventure|Drama,Adventure|Drama
3471,Drama|Sci-Fi,Drama|Sci-Fi
3472,Horror,Horror
3473,Comedy,Comedy
3474,Sci-Fi|Thriller,Sci-Fi|Thriller
3475,Drama|Romance,Drama|Romance
3476,Horror|Mystery|Thriller,Horror|Mystery|Thriller
3477,Comedy|Drama,Comedy|Drama
3478,Drama,Drama
3479,Adventure|Fantasy|Romance,Adventure|Fantasy|Romance
3480,Drama,Drama
3481,Comedy,Comedy
3482,Drama,Drama
3483,Animation|Children's,Animation|Children's
3484,Thriller,Thriller
3485,Horror,Horror
3486,Sci-Fi,Sci-Fi
3487,Western,Western
3488,Horror|Sci-Fi,Horror|Sci-Fi
3489,Adventure|Fantasy,Adventure|Fantasy
3490,Horror,Horror
3491,Comedy,Comedy
3492,Adventure,Adventure
3493,Horror,Horror
3494,Adventure|Western,Adventure|Western
3495,Comedy|Drama,Comedy|Drama
3496,Drama,Drama
3497,Comedy,Comedy
3498,Drama,Drama
3499,Horror,Horror
3500,Comedy|Drama,Comedy|Drama
3501,Comedy|Romance,Comedy|Romance
3502,Drama,Drama
3503,Drama|Sci-Fi,Drama|Sci-Fi
3504,Comedy|Drama,Comedy|Drama
3505,Thriller,Thriller
3506,Comedy|Drama,Comedy|Drama
3507,Comedy,Comedy
3508,Western,Western
3509,Drama,Drama
3510,Drama|Thriller,Drama|Thriller
3511,Comedy,Comedy
3512,Drama|Romance,Drama|Romance
3513,Drama|Thriller,Drama|Thriller
3514,Drama,Drama
3515,Comedy,Comedy
3516,Comedy|Romance,Comedy|Romance
3517,Crime|Drama,Crime|Drama
3518,Drama|Thriller,Drama|Thriller
3519,Action|War,Action|War
3520,Comedy,Comedy
3521,Comedy|Crime|Drama,Comedy|Crime|Drama
3522,Drama,Drama
3523,Action|Thriller,Action|Thriller
3524,Comedy|Romance,Comedy|Romance
3525,Comedy,Comedy
3526,Comedy|Drama,Comedy|Drama
3527,Action|Sci-Fi|Thriller,Action|Sci-Fi|Thriller
3528,Drama|Romance,Drama|Romance
3529,Crime|Thriller,Crime|Thriller
3530,Comedy,Comedy
3531,Comedy|Drama|Romance,Comedy|Drama|Romance
3532,Comedy,Comedy
3533,Drama,Drama
3534,Comedy,Comedy
3535,Comedy|Horror|Thriller,Comedy|Horror|Thriller
3536,Comedy|Romance,Comedy|Romance
3537,Comedy|Drama,Comedy|Drama
3538,Comedy,Comedy
3539,Documentary,Documentary
3540,Romance|Thriller,Romance|Thriller
3541,Action,Action
3542,Drama,Drama
3543,Comedy|Drama,Comedy|Drama
3544,Comedy,Comedy
3545,Musical|War,Musical|War
3546,Drama|Thriller,Drama|Thriller
3547,Drama,Drama
3548,Comedy|Drama,Comedy|Drama
3549,Musical,Musical
3550,Horror,Horror
3551,Thriller,Thriller
3552,Comedy,Comedy
3553,Drama|Thriller,Drama|Thriller
3554,Drama|Romance,Drama|Romance
3555,Action|Thriller,Action|Thriller
3556,Comedy|Drama,Comedy|Drama
3557,Thriller,Thriller
3558,Drama,Drama
3559,Drama,Drama
3560,Drama,Drama
3561,Drama,Drama
3562,Comedy|Drama,Comedy|Drama
3563,Action|Horror,Action|Horror
3564,Children's|Comedy,Children's|Comedy
3565,Comedy|Drama,Comedy|Drama
3566,Comedy|Drama,Comedy|Drama
3567,Comedy,Comedy
3568,Drama,Drama
3569,Comedy|Drama,Comedy|Drama
3570,Drama,Drama
3571,Drama,Drama
3572,Horror|Sci-Fi,Horror|Sci-Fi
3573,Horror|Sci-Fi,Horror|Sci-Fi
3574,Horror|Sci-Fi,Horror|Sci-Fi
3575,Drama,Drama
3576,Action|Horror|Sci-Fi,Action|Horror|Sci-Fi
3577,Drama,Drama
3578,Action|Drama,Action|Drama
3579,Drama,Drama
3580,Drama,Drama
3581,Drama,Drama
3582,Drama,Drama
3583,Drama,Drama
3584,Action|Drama|Romance|Thriller,Action|Drama|Romance|Thriller
3585,Adventure|War,Adventure|War
3586,Drama,Drama
3587,Horror,Horror
3588,Crime|Drama,Crime|Drama
3589,Horror,Horror
3590,Comedy,Comedy
3591,Comedy|Drama,Comedy|Drama
3592,Animation|Sci-Fi,Animation|Sci-Fi
3593,Action|Sci-Fi,Action|Sci-Fi
3594,Drama,Drama
3595,Comedy,Comedy
3596,Comedy,Comedy
3597,Comedy,Comedy
3598,Drama,Drama
3599,Comedy|Musical,Comedy|Musical
3600,Comedy|Musical,Comedy|Musical
3601,Comedy|Western,Comedy|Western
3602,Musical,Musical
3603,Comedy,Comedy
3604,Musical,Musical
3605,Drama|Musical,Drama|Musical
3606,Musical,Musical
3607,Comedy|Drama|Western,Comedy|Drama|Western
3608,Comedy,Comedy
3609,Documentary,Documentary
3610,Musical,Musical
3611,Animation|Children's|Comedy,Animation|Children's|Comedy
3612,Adventure|Musical|Romance,Adventure|Musical|Romance
3613,Comedy,Comedy
3614,Comedy|Romance,Comedy|Romance
3615,Animation|Children's,Animation|Children's
3616,Comedy|Romance,Comedy|Romance
3617,Comedy,Comedy
3618,Comedy,Comedy
3619,Comedy,Comedy
3620,Comedy|Drama,Comedy|Drama
3621,Drama|Horror,Drama|Horror
3622,Comedy,Comedy
3623,Action|Thriller,Action|Thriller
3624,Action,Action
3625,Documentary,Documentary
3626,Comedy,Comedy
3627,Horror|Thriller,Horror|Thriller
3628,Action|Drama|War,Action|Drama|War
3629,Comedy,Comedy
3630,Horror,Horror
3631,Comedy,Comedy
3632,Comedy,Comedy
3633,Action,Action
3634,Thriller,Thriller
3635,Action,Action
3636,Drama,Drama
3637,Drama,Drama
3638,Action|Romance|Sci-Fi,Action|Romance|Sci-Fi
3639,Action,Action
3640,Comedy|Drama,Comedy|Drama
3641,Drama,Drama
3642,Western,Western
3643,Action|Drama|War,Action|Drama|War
3644,Western,Western
3645,Drama,Drama
3646,Comedy,Comedy
3647,Drama,Drama
3648,Horror|Sci-Fi,Horror|Sci-Fi
3649,Drama,Drama
3650,Horror,Horror
3651,Horror,Horror
3652,Horror,Horror
3653,Documentary,Documentary
3654,Action|Drama|War,Action|Drama|War
3655,Drama,Drama
3656,Crime,Crime
3657,Drama,Drama
3658,Sci-Fi,Sci-Fi
3659,Sci-Fi|Thriller,Sci-Fi|Thriller
3660,Horror|Sci-Fi|Thriller,Horror|Sci-Fi|Thriller
3661,Horror|Sci-Fi|Thriller,Horror|Sci-Fi|Thriller
3662,Horror|Sci-Fi|Thriller,Horror|Sci-Fi|Thriller
3663,Horror|Sci-Fi|Thriller,Horror|Sci-Fi|Thriller
3664,Horror|Sci-Fi|Thriller,Horror|Sci-Fi|Thriller
3665,Horror|Sci-Fi|Thriller,Horror|Sci-Fi|Thriller
3666,Horror|Sci-Fi|Thriller,Horror|Sci-Fi|Thriller
3667,Action|Comedy,Action|Comedy
3668,Drama|Romance,Drama|Romance
3669,Comedy,Comedy
3670,War,War
3671,Comedy|Western,Comedy|Western
3672,Adventure|Children's,Adventure|Children's
3673,Adventure|Children's,Adventure|Children's
3674,Adventure|Children's,Adventure|Children's
3675,Musical,Musical
3676,Drama|Horror,Drama|Horror
3677,Documentary,Documentary
3678,Drama,Drama
3679,Documentary,Documentary
3680,Documentary,Documentary
3681,Western,Western
3682,Western,Western
3683,Drama|Film-Noir,Drama|Film-Noir
3684,Drama|Romance,Drama|Romance
3685,Comedy|Drama|Romance,Comedy|Drama|Romance
3686,Thriller,Thriller
3687,Sci-Fi,Sci-Fi
3688,Comedy,Comedy
3689,Comedy,Comedy
3690,Comedy,Comedy
3691,Comedy,Comedy
3692,Comedy|Horror,Comedy|Horror
3693,Comedy|Horror,Comedy|Horror
3694,Comedy|Horror,Comedy|Horror
3695,Comedy|Horror,Comedy|Horror
3696,Comedy|Horror|Sci-Fi,Comedy|Horror|Sci-Fi
3697,Action|Sci-Fi|Thriller,Action|Sci-Fi|Thriller
3698,Action|Adventure|Sci-Fi,Action|Adventure|Sci-Fi
3699,Adventure|Drama|Romance|Sci-Fi,Adventure|Drama|Romance|Sci-Fi
3700,Drama|Sci-Fi,Drama|Sci-Fi
3701,Crime|Drama|Sci-Fi,Crime|Drama|Sci-Fi
3702,Action|Sci-Fi,Action|Sci-Fi
3703,Action|Sci-Fi,Action|Sci-Fi
3704,Action|Sci-Fi,Action|Sci-Fi
3705,Action|Adventure|Romance|Thriller,Action|Adventure|Romance|Thriller
3706,Film-Noir|Mystery|Thriller,Film-Noir|Mystery|Thriller
3707,Drama,Drama
3708,Horror|Thriller,Horror|Thriller
3709,Horror,Horror
3710,Action|Comedy,Action|Comedy
3711,Drama,Drama
3712,Comedy,Comedy
3713,Drama,Drama
3714,Drama,Drama
3715,Comedy,Comedy
3716,Action|Crime,Action|Crime
3717,Action|Crime,Action|Crime
3718,Documentary,Documentary
3719,Comedy|Romance,Comedy|Romance
3720,Drama,Drama
3721,Comedy,Comedy
3722,Comedy,Comedy
3723,Drama,Drama
3724,Drama|War,Drama|War
3725,Animation|Musical,Animation|Musical
3726,Action|Thriller,Action|Thriller
3727,Comedy|Horror,Comedy|Horror
3728,Thriller,Thriller
3729,Action|Crime,Action|Crime
3730,Drama|Mystery,Drama|Mystery
3731,Drama|Thriller,Drama|Thriller
3732,Horror,Horror
3733,Drama,Drama
3734,Drama,Drama
3735,Crime|Drama,Crime|Drama
3736,Drama,Drama
3737,Drama|Western,Drama|Western
3738,Drama,Drama
3739,Comedy|Romance,Comedy|Romance
3740,Action|Comedy,Action|Comedy
3741,Crime|Drama,Crime|Drama
3742,Drama|War,Drama|War
3743,Comedy|Romance,Comedy|Romance
3744,Action|Crime,Action|Crime
3745,Adventure|Animation|Sci-Fi,Adventure|Animation|Sci-Fi
3746,Drama|War,Drama|War
3747,Drama,Drama
3748,Comedy|Romance,Comedy|Romance
3749,Drama,Drama
3750,Drama,Drama
3751,Animation|Children's|Comedy,Animation|Children's|Comedy
3752,Comedy,Comedy
3753,Action|Drama|War,Action|Drama|War
3754,Animation|Children's|Comedy,Animation|Children's|Comedy
3755,Action|Adventure|Thriller,Action|Adventure|Thriller
3756,Drama,Drama
3757,Horror,Horror
3758,Drama|Sci-Fi|Thriller,Drama|Sci-Fi|Thriller
3759,Animation|Children's|Musical,Animation|Children's|Musical
3760,Comedy,Comedy
3761,Crime|Drama,Crime|Drama
3762,Horror,Horror
3763,Action|Crime|Thriller,Action|Crime|Thriller
3764,Action|Crime|Thriller,Action|Crime|Thriller
3765,Drama|Romance,Drama|Romance
3766,Action|War,Action|War
3767,Action|War,Action|War
3768,Action|War,Action|War
3769,Action,Action
3770,Adventure|Crime|Sci-Fi|Thriller,Adventure|Crime|Sci-Fi|Thriller
3771,Action|Adventure,Action|Adventure
3772,Horror,Horror
3773,Comedy,Comedy
3774,Comedy,Comedy
3775,Animation|Children's|Musical,Animation|Children's|Musical
3776,Animation|Children's|Musical,Animation|Children's|Musical
3777,Comedy|Horror,Comedy|Horror
3778,Comedy|Drama,Comedy|Drama
3779,Sci-Fi,Sci-Fi
3780,Sci-Fi,Sci-Fi
3781,Action|Crime,Action|Crime
3782,Action|Crime,Action|Crime
3783,Crime|Drama,Crime|Drama
3784,Comedy,Comedy
3785,Comedy|Horror,Comedy|Horror
3786,Comedy,Comedy
3787,Comedy,Comedy
3788,Drama|Mystery,Drama|Mystery
3789,Drama,Drama
3790,Drama,Drama
3791,Drama,Drama
3792,Western,Western
3793,Action|Sci-Fi,Action|Sci-Fi
3794,Comedy|Drama,Comedy|Drama
3795,Drama,Drama
3796,Romance|Thriller,Romance|Thriller
3797,Thriller,Thriller
3798,Thriller,Thriller
3799,Animation|Children's,Animation|Children's
3800,Drama|Romance,Drama|Romance
3801,Drama|Mystery,Drama|Mystery
3802,Action|Sci-Fi,Action|Sci-Fi
3803,Drama,Drama
3804,Comedy,Comedy
3805,Action|Adventure|Drama,Action|Adventure|Drama
3806,Western,Western
3807,Action|Adventure,Action|Adventure
3808,Drama|War,Drama|War
3809,Comedy,Comedy
3810,Drama|Thriller,Drama|Thriller
3811,Drama|War,Drama|War
3812,Comedy,Comedy
3813,Drama,Drama
3814,Comedy,Comedy
3816,Drama,Drama
3817,Comedy|Drama,Comedy|Drama
3818,Comedy|Musical,Comedy|Musical
3819,Comedy,Comedy
3820,Children's,Children's
3821,Comedy,Comedy
3822,Drama|Romance,Drama|Romance
3823,Drama,Drama
3824,Drama|Romance,Drama|Romance
3825,Drama,Drama
3826,Horror|Sci-Fi|Thriller,Horror|Sci-Fi|Thriller
3827,Action|Sci-Fi,Action|Sci-Fi
3828,Comedy,Comedy
3829,Comedy|Romance,Comedy|Romance
3830,Comedy|Horror|Thriller,Comedy|Horror|Thriller
3831,Comedy,Comedy
3832,Horror,Horror
3833,Horror|Sci-Fi,Horror|Sci-Fi
3834,Adventure|Drama|Romance,Adventure|Drama|Romance
3835,Thriller,Thriller
3836,Action|Comedy|War,Action|Comedy|War
3837,Horror,Horror
3838,Horror,Horror
3839,Horror,Horror
3840,Horror,Horror
3841,Action|Comedy,Action|Comedy
3842,Horror,Horror
3843,Horror,Horror
3844,Drama,Drama
3845,Drama,Drama
3846,Comedy,Comedy
3847,Horror,Horror
3848,Drama|Thriller,Drama|Thriller
3849,Thriller,Thriller
3850,Crime|Thriller,Crime|Thriller
3851,Comedy,Comedy
3852,Comedy,Comedy
3853,Drama,Drama
3854,Drama|Romance,Drama|Romance
3855,Drama|Romance,Drama|Romance
3856,Drama,Drama
3857,Thriller,Thriller
3858,Comedy,Comedy
3859,Documentary,Documentary
3860,Crime,Crime
3861,Comedy,Comedy
3862,Comedy,Comedy
3863,Sci-Fi|Thriller,Sci-Fi|Thriller
3864,Action|Adventure|Sci-Fi,Action|Adventure|Sci-Fi
3865,Comedy|Documentary,Comedy|Documentary
3866,Comedy,Comedy
3867,Drama,Drama
3868,Comedy,Comedy
3869,Comedy,Comedy
3870,Drama,Drama
3871,Drama|Western,Drama|Western
3872,Drama,Drama
3873,Comedy|Western,Comedy|Western
3874,Comedy|Romance,Comedy|Romance
3875,Horror,Horror
3876,Drama,Drama
3877,Action|Adventure|Fantasy,Action|Adventure|Fantasy
3878,Sci-Fi,Sci-Fi
3879,Action,Action
3880,Documentary,Documentary
3881,Documentary,Documentary
3882,Comedy,Comedy
3883,Comedy|Drama,Comedy|Drama
3884,Comedy,Comedy
3885,Comedy|Romance,Comedy|Romance
3886,Drama,Drama
3887,Drama,Drama
3888,Drama|Romance,Drama|Romance
3889,Action|Adventure|Fantasy,Action|Adventure|Fantasy
3890,Documentary,Documentary
3891,Crime|Drama,Crime|Drama
3892,Horror,Horror
3893,Comedy|Thriller,Comedy|Thriller
3894,Drama,Drama
3895,Crime|Thriller,Crime|Thriller
3896,Crime|Thriller,Crime|Thriller
3897,Comedy|Drama,Comedy|Drama
3898,Action|Comedy,Action|Comedy
3899,Comedy,Comedy
3900,Comedy|Drama,Comedy|Drama
3901,Comedy|Drama,Comedy|Drama
3902,Drama,Drama
3903,Drama,Drama
3904,Drama,Drama
3905,Comedy,Comedy
3906,Crime,Crime
3907,Drama,Drama
3908,Horror,Horror
3909,Comedy|Romance,Comedy|Romance
3910,Drama|Musical,Drama|Musical
3911,Comedy,Comedy
3912,Comedy|Drama,Comedy|Drama
3913,Documentary,Documentary
3914,Drama,Drama
3915,Drama,Drama
3916,Drama,Drama
3917,Horror,Horror
3918,Horror,Horror
3919,Horror,Horror
3920,Drama|Fantasy,Drama|Fantasy
3921,Comedy,Comedy
3922,Comedy,Comedy
3923,Horror|Sci-Fi,Horror|Sci-Fi
3924,Comedy,Comedy
3925,Comedy,Comedy
3926,Adventure|Sci-Fi,Adventure|Sci-Fi
3927,Adventure|Sci-Fi,Adventure|Sci-Fi
3928,Comedy|Horror,Comedy|Horror
3929,Comedy,Comedy
3930,Horror,Horror
3931,Horror|Sci-Fi,Horror|Sci-Fi
3932,Horror|Sci-Fi,Horror|Sci-Fi
3933,Horror|Sci-Fi,Horror|Sci-Fi
3934,Sci-Fi,Sci-Fi
3935,Horror,Horror
3936,Drama|Thriller,Drama|Thriller
3937,Sci-Fi|Thriller,Sci-Fi|Thriller
3938,Horror,Horror
3939,Horror,Horror
3940,Horror,Horror
3941,Horror,Horror
3942,Horror,Horror
3943,Comedy,Comedy
3944,Comedy|Drama,Comedy|Drama
3945,Adventure|Animation|Children's,Adventure|Animation|Children's
3946,Action|Drama|Thriller,Action|Drama|Thriller
3947,Thriller,Thriller
3948,Comedy,Comedy
3949,Drama,Drama
3950,Drama,Drama
3951,Drama,Drama
3952,Drama|Thriller,Drama|Thriller
